pair,hour_of_week,spread_multiplier,n_quotes,source
AUDJPY,0,0.8817,780.0,dukascopy_sample
AUDJPY,1,0.8817,780.0,dukascopy_sample
AUDJPY,2,0.8102,780.0,dukascopy_sample
AUDJPY,3,0.8499,780.0,dukascopy_sample
AUDJPY,4,0.8333,841.0,dukascopy_sample
AUDJPY,5,0.7745,840.0,dukascopy_sample
AUDJPY,6,0.7745,840.0,dukascopy_sample
AUDJPY,7,0.7745,840.0,dukascopy_sample
AUDJPY,8,0.8077,840.0,dukascopy_sample
AUDJPY,9,0.7745,840.0,dukascopy_sample
AUDJPY,10,0.8335,840.0,dukascopy_sample
AUDJPY,11,0.804,840.0,dukascopy_sample
AUDJPY,12,0.7745,840.0,dukascopy_sample
AUDJPY,13,0.7745,840.0,dukascopy_sample
AUDJPY,14,0.804,840.0,dukascopy_sample
AUDJPY,15,0.756,840.0,dukascopy_sample
AUDJPY,16,0.7745,840.0,dukascopy_sample
AUDJPY,17,0.7892,840.0,dukascopy_sample
AUDJPY,18,0.804,840.0,dukascopy_sample
AUDJPY,19,0.804,840.0,dukascopy_sample
AUDJPY,20,1.0114,836.0,dukascopy_sample
AUDJPY,21,3.6344,820.0,dukascopy_sample
AUDJPY,22,1.292,836.0,dukascopy_sample
AUDJPY,23,0.8777,840.0,dukascopy_sample
AUDJPY,24,0.8704,840.0,dukascopy_sample
AUDJPY,25,0.8777,840.0,dukascopy_sample
AUDJPY,26,0.8409,840.0,dukascopy_sample
AUDJPY,27,0.8409,840.0,dukascopy_sample
AUDJPY,28,0.804,840.0,dukascopy_sample
AUDJPY,29,0.7745,840.0,dukascopy_sample
AUDJPY,30,0.804,840.0,dukascopy_sample
AUDJPY,31,0.7745,840.0,dukascopy_sample
AUDJPY,32,0.7745,840.0,dukascopy_sample
AUDJPY,33,0.7745,840.0,dukascopy_sample
AUDJPY,34,0.7745,840.0,dukascopy_sample
AUDJPY,35,0.7745,840.0,dukascopy_sample
AUDJPY,36,0.8335,840.0,dukascopy_sample
AUDJPY,37,0.804,840.0,dukascopy_sample
AUDJPY,38,0.804,840.0,dukascopy_sample
AUDJPY,39,0.7745,840.0,dukascopy_sample
AUDJPY,40,0.8114,840.0,dukascopy_sample
AUDJPY,41,0.7745,840.0,dukascopy_sample
AUDJPY,42,0.7745,840.0,dukascopy_sample
AUDJPY,43,0.804,840.0,dukascopy_sample
AUDJPY,44,1.0407,837.0,dukascopy_sample
AUDJPY,45,3.4508,816.0,dukascopy_sample
AUDJPY,46,1.2738,835.0,dukascopy_sample
AUDJPY,47,0.974,838.0,dukascopy_sample
AUDJPY,48,0.8704,840.0,dukascopy_sample
AUDJPY,49,0.8409,840.0,dukascopy_sample
AUDJPY,50,0.8409,840.0,dukascopy_sample
AUDJPY,51,0.7671,840.0,dukascopy_sample
AUDJPY,52,0.7579,721.0,dukascopy_sample
AUDJPY,53,0.8605,720.0,dukascopy_sample
AUDJPY,54,0.7745,720.0,dukascopy_sample
AUDJPY,55,0.7573,720.0,dukascopy_sample
AUDJPY,56,0.7573,720.0,dukascopy_sample
AUDJPY,57,0.7917,720.0,dukascopy_sample
AUDJPY,58,0.7917,720.0,dukascopy_sample
AUDJPY,59,0.8261,720.0,dukascopy_sample
AUDJPY,60,0.7917,720.0,dukascopy_sample
AUDJPY,61,0.8261,720.0,dukascopy_sample
AUDJPY,62,0.8605,720.0,dukascopy_sample
AUDJPY,63,0.8605,720.0,dukascopy_sample
AUDJPY,64,0.7926,716.0,dukascopy_sample
AUDJPY,65,0.8264,718.0,dukascopy_sample
AUDJPY,66,0.8954,715.0,dukascopy_sample
AUDJPY,67,0.8964,714.0,dukascopy_sample
AUDJPY,68,1.1187,720.0,dukascopy_sample
AUDJPY,69,3.9544,693.0,dukascopy_sample
AUDJPY,70,1.3427,719.0,dukascopy_sample
AUDJPY,71,0.9638,720.0,dukascopy_sample
AUDJPY,72,0.8605,720.0,dukascopy_sample
AUDJPY,73,0.8605,720.0,dukascopy_sample
AUDJPY,74,0.8605,720.0,dukascopy_sample
AUDJPY,75,0.8605,720.0,dukascopy_sample
AUDJPY,76,0.8949,720.0,dukascopy_sample
AUDJPY,77,0.8261,720.0,dukascopy_sample
AUDJPY,78,0.8433,720.0,dukascopy_sample
AUDJPY,79,0.7917,720.0,dukascopy_sample
AUDJPY,80,0.7917,720.0,dukascopy_sample
AUDJPY,81,0.7573,720.0,dukascopy_sample
AUDJPY,82,0.8261,720.0,dukascopy_sample
AUDJPY,83,0.8261,720.0,dukascopy_sample
AUDJPY,84,0.8605,720.0,dukascopy_sample
AUDJPY,85,0.8261,720.0,dukascopy_sample
AUDJPY,86,0.8261,720.0,dukascopy_sample
AUDJPY,87,0.7917,720.0,dukascopy_sample
AUDJPY,88,0.8261,720.0,dukascopy_sample
AUDJPY,89,0.7917,720.0,dukascopy_sample
AUDJPY,90,0.8605,720.0,dukascopy_sample
AUDJPY,91,0.8605,720.0,dukascopy_sample
AUDJPY,92,1.0332,718.0,dukascopy_sample
AUDJPY,93,3.624,697.0,dukascopy_sample
AUDJPY,94,1.4124,717.0,dukascopy_sample
AUDJPY,95,0.9982,720.0,dukascopy_sample
AUDJPY,96,0.8605,720.0,dukascopy_sample
AUDJPY,97,0.8949,720.0,dukascopy_sample
AUDJPY,98,0.8605,720.0,dukascopy_sample
AUDJPY,99,0.8949,720.0,dukascopy_sample
AUDJPY,100,0.8261,720.0,dukascopy_sample
AUDJPY,101,0.8261,720.0,dukascopy_sample
AUDJPY,102,0.8089,720.0,dukascopy_sample
AUDJPY,103,0.7917,720.0,dukascopy_sample
AUDJPY,104,0.8605,720.0,dukascopy_sample
AUDJPY,105,0.7573,720.0,dukascopy_sample
AUDJPY,106,0.7917,720.0,dukascopy_sample
AUDJPY,107,0.7573,720.0,dukascopy_sample
AUDJPY,108,0.7917,720.0,dukascopy_sample
AUDJPY,109,0.7917,720.0,dukascopy_sample
AUDJPY,110,0.7917,720.0,dukascopy_sample
AUDJPY,111,0.7917,720.0,dukascopy_sample
AUDJPY,112,0.7917,720.0,dukascopy_sample
AUDJPY,113,0.8261,720.0,dukascopy_sample
AUDJPY,114,0.8261,720.0,dukascopy_sample
AUDJPY,115,0.9294,720.0,dukascopy_sample
AUDJPY,116,1.4113,720.0,dukascopy_sample
AUDJPY,165,6.8349,747.0,dukascopy_sample
AUDJPY,166,1.5251,780.0,dukascopy_sample
AUDJPY,167,1.1121,780.0,dukascopy_sample
AUDNZD,0,0.958,780.0,dukascopy_sample
AUDNZD,1,0.9119,780.0,dukascopy_sample
AUDNZD,2,0.8988,780.0,dukascopy_sample
AUDNZD,3,0.8757,780.0,dukascopy_sample
AUDNZD,4,0.9108,841.0,dukascopy_sample
AUDNZD,5,0.9141,840.0,dukascopy_sample
AUDNZD,6,0.9079,840.0,dukascopy_sample
AUDNZD,7,0.8957,840.0,dukascopy_sample
AUDNZD,8,0.8682,840.0,dukascopy_sample
AUDNZD,9,0.8804,840.0,dukascopy_sample
AUDNZD,10,0.8804,840.0,dukascopy_sample
AUDNZD,11,0.8804,840.0,dukascopy_sample
AUDNZD,12,0.85,839.0,dukascopy_sample
AUDNZD,13,0.8499,840.0,dukascopy_sample
AUDNZD,14,0.8927,840.0,dukascopy_sample
AUDNZD,15,0.8529,840.0,dukascopy_sample
AUDNZD,16,0.8927,840.0,dukascopy_sample
AUDNZD,17,0.8927,840.0,dukascopy_sample
AUDNZD,18,0.9049,840.0,dukascopy_sample
AUDNZD,19,0.9309,840.0,dukascopy_sample
AUDNZD,20,1.0999,830.0,dukascopy_sample
AUDNZD,21,2.5757,813.0,dukascopy_sample
AUDNZD,22,1.1843,835.0,dukascopy_sample
AUDNZD,23,1.001,835.0,dukascopy_sample
AUDNZD,24,0.8957,840.0,dukascopy_sample
AUDNZD,25,0.9263,840.0,dukascopy_sample
AUDNZD,26,0.911,840.0,dukascopy_sample
AUDNZD,27,0.9141,840.0,dukascopy_sample
AUDNZD,28,0.9389,838.0,dukascopy_sample
AUDNZD,29,0.8837,839.0,dukascopy_sample
AUDNZD,30,0.9018,840.0,dukascopy_sample
AUDNZD,31,0.8804,840.0,dukascopy_sample
AUDNZD,32,0.8728,840.0,dukascopy_sample
AUDNZD,33,0.8804,840.0,dukascopy_sample
AUDNZD,34,0.8529,840.0,dukascopy_sample
AUDNZD,35,0.8529,840.0,dukascopy_sample
AUDNZD,36,0.8651,840.0,dukascopy_sample
AUDNZD,37,0.8881,840.0,dukascopy_sample
AUDNZD,38,0.8651,840.0,dukascopy_sample
AUDNZD,39,0.8529,840.0,dukascopy_sample
AUDNZD,40,0.8957,840.0,dukascopy_sample
AUDNZD,41,0.9079,840.0,dukascopy_sample
AUDNZD,42,0.8927,840.0,dukascopy_sample
AUDNZD,43,0.9079,840.0,dukascopy_sample
AUDNZD,44,1.0829,837.0,dukascopy_sample
AUDNZD,45,2.6646,809.0,dukascopy_sample
AUDNZD,46,1.1674,824.0,dukascopy_sample
AUDNZD,47,0.9712,831.0,dukascopy_sample
AUDNZD,48,0.9263,840.0,dukascopy_sample
AUDNZD,49,0.9293,840.0,dukascopy_sample
AUDNZD,50,0.9232,840.0,dukascopy_sample
AUDNZD,51,0.8835,840.0,dukascopy_sample
AUDNZD,52,0.8706,721.0,dukascopy_sample
AUDNZD,53,0.9202,720.0,dukascopy_sample
AUDNZD,54,0.913,720.0,dukascopy_sample
AUDNZD,55,0.8702,720.0,dukascopy_sample
AUDNZD,56,0.8845,720.0,dukascopy_sample
AUDNZD,57,0.8562,719.0,dukascopy_sample
AUDNZD,58,0.856,720.0,dukascopy_sample
AUDNZD,59,0.8845,720.0,dukascopy_sample
AUDNZD,60,0.8702,720.0,dukascopy_sample
AUDNZD,61,0.8845,720.0,dukascopy_sample
AUDNZD,62,0.8988,720.0,dukascopy_sample
AUDNZD,63,0.913,720.0,dukascopy_sample
AUDNZD,64,0.913,720.0,dukascopy_sample
AUDNZD,65,0.9856,713.0,dukascopy_sample
AUDNZD,66,0.9864,703.0,dukascopy_sample
AUDNZD,67,1.0007,712.0,dukascopy_sample
AUDNZD,68,1.1556,720.0,dukascopy_sample
AUDNZD,69,2.6197,689.0,dukascopy_sample
AUDNZD,70,1.1557,719.0,dukascopy_sample
AUDNZD,71,0.9636,718.0,dukascopy_sample
AUDNZD,72,0.913,720.0,dukascopy_sample
AUDNZD,73,0.8845,720.0,dukascopy_sample
AUDNZD,74,0.8417,720.0,dukascopy_sample
AUDNZD,75,0.8845,720.0,dukascopy_sample
AUDNZD,76,0.8705,719.0,dukascopy_sample
AUDNZD,77,0.8705,719.0,dukascopy_sample
AUDNZD,78,0.913,720.0,dukascopy_sample
AUDNZD,79,0.8916,720.0,dukascopy_sample
AUDNZD,80,0.8417,720.0,dukascopy_sample
AUDNZD,81,0.856,720.0,dukascopy_sample
AUDNZD,82,0.8702,720.0,dukascopy_sample
AUDNZD,83,0.8702,720.0,dukascopy_sample
AUDNZD,84,0.8988,720.0,dukascopy_sample
AUDNZD,85,0.8702,720.0,dukascopy_sample
AUDNZD,86,0.8845,720.0,dukascopy_sample
AUDNZD,87,0.8702,720.0,dukascopy_sample
AUDNZD,88,0.913,720.0,dukascopy_sample
AUDNZD,89,0.8988,720.0,dukascopy_sample
AUDNZD,90,0.9059,720.0,dukascopy_sample
AUDNZD,91,0.9273,720.0,dukascopy_sample
AUDNZD,92,1.0714,714.0,dukascopy_sample
AUDNZD,93,2.661,697.0,dukascopy_sample
AUDNZD,94,1.2075,712.0,dukascopy_sample
AUDNZD,95,0.9994,718.0,dukascopy_sample
AUDNZD,96,0.8845,720.0,dukascopy_sample
AUDNZD,97,0.8845,720.0,dukascopy_sample
AUDNZD,98,0.8845,720.0,dukascopy_sample
AUDNZD,99,0.8702,720.0,dukascopy_sample
AUDNZD,100,0.8702,720.0,dukascopy_sample
AUDNZD,101,0.8702,720.0,dukascopy_sample
AUDNZD,102,0.9059,720.0,dukascopy_sample
AUDNZD,103,0.8702,720.0,dukascopy_sample
AUDNZD,104,0.856,720.0,dukascopy_sample
AUDNZD,105,0.8417,720.0,dukascopy_sample
AUDNZD,106,0.8702,720.0,dukascopy_sample
AUDNZD,107,0.8274,720.0,dukascopy_sample
AUDNZD,108,0.856,720.0,dukascopy_sample
AUDNZD,109,0.8988,720.0,dukascopy_sample
AUDNZD,110,0.8774,720.0,dukascopy_sample
AUDNZD,111,0.8845,720.0,dukascopy_sample
AUDNZD,112,0.913,720.0,dukascopy_sample
AUDNZD,113,0.9202,720.0,dukascopy_sample
AUDNZD,114,0.9416,720.0,dukascopy_sample
AUDNZD,115,0.9986,720.0,dukascopy_sample
AUDNZD,116,1.2703,718.0,dukascopy_sample
AUDNZD,165,3.9179,727.0,dukascopy_sample
AUDNZD,166,1.3108,778.0,dukascopy_sample
AUDNZD,167,1.0473,779.0,dukascopy_sample
AUDUSD,0,1.1409,49234.0,local_quotes_full_history
AUDUSD,1,0.9768,49366.0,local_quotes_full_history
AUDUSD,2,0.7885,49407.0,local_quotes_full_history
AUDUSD,3,0.8274,49713.0,local_quotes_full_history
AUDUSD,4,0.8873,49752.0,local_quotes_full_history
AUDUSD,5,0.7999,49965.0,local_quotes_full_history
AUDUSD,6,0.7335,50204.0,local_quotes_full_history
AUDUSD,7,0.77,50312.0,local_quotes_full_history
AUDUSD,8,0.8093,50330.0,local_quotes_full_history
AUDUSD,9,0.8147,50354.0,local_quotes_full_history
AUDUSD,10,0.8138,50366.0,local_quotes_full_history
AUDUSD,11,0.7778,50428.0,local_quotes_full_history
AUDUSD,12,0.8067,50520.0,local_quotes_full_history
AUDUSD,13,0.7839,50651.0,local_quotes_full_history
AUDUSD,14,0.786,50868.0,local_quotes_full_history
AUDUSD,15,0.8104,50849.0,local_quotes_full_history
AUDUSD,16,0.8207,50814.0,local_quotes_full_history
AUDUSD,17,0.9134,50553.0,local_quotes_full_history
AUDUSD,18,0.9543,50510.0,local_quotes_full_history
AUDUSD,19,0.9224,50388.0,local_quotes_full_history
AUDUSD,20,1.0377,50331.0,local_quotes_full_history
AUDUSD,21,3.1923,48319.0,local_quotes_full_history
AUDUSD,22,2.6738,49755.0,local_quotes_full_history
AUDUSD,23,1.1334,50608.0,local_quotes_full_history
AUDUSD,24,0.9757,50207.0,local_quotes_full_history
AUDUSD,25,0.6892,50188.0,local_quotes_full_history
AUDUSD,26,0.6626,50235.0,local_quotes_full_history
AUDUSD,27,0.6722,50275.0,local_quotes_full_history
AUDUSD,28,0.7021,50335.0,local_quotes_full_history
AUDUSD,29,0.6555,50498.0,local_quotes_full_history
AUDUSD,30,0.6675,50542.0,local_quotes_full_history
AUDUSD,31,0.742,50558.0,local_quotes_full_history
AUDUSD,32,0.7691,50515.0,local_quotes_full_history
AUDUSD,33,0.7832,50448.0,local_quotes_full_history
AUDUSD,34,0.7763,50464.0,local_quotes_full_history
AUDUSD,35,0.7071,50540.0,local_quotes_full_history
AUDUSD,36,0.7607,50542.0,local_quotes_full_history
AUDUSD,37,0.7772,50584.0,local_quotes_full_history
AUDUSD,38,0.7682,50704.0,local_quotes_full_history
AUDUSD,39,0.7796,50870.0,local_quotes_full_history
AUDUSD,40,0.7933,50920.0,local_quotes_full_history
AUDUSD,41,0.8166,50736.0,local_quotes_full_history
AUDUSD,42,0.8159,50717.0,local_quotes_full_history
AUDUSD,43,0.7818,50596.0,local_quotes_full_history
AUDUSD,44,0.9936,50425.0,local_quotes_full_history
AUDUSD,45,3.1334,48726.0,local_quotes_full_history
AUDUSD,46,2.6522,49736.0,local_quotes_full_history
AUDUSD,47,1.1245,50367.0,local_quotes_full_history
AUDUSD,48,0.9817,49974.0,local_quotes_full_history
AUDUSD,49,0.7164,50165.0,local_quotes_full_history
AUDUSD,50,0.6705,50241.0,local_quotes_full_history
AUDUSD,51,0.6713,50322.0,local_quotes_full_history
AUDUSD,52,0.6917,50263.0,local_quotes_full_history
AUDUSD,53,0.6613,50464.0,local_quotes_full_history
AUDUSD,54,0.6698,50667.0,local_quotes_full_history
AUDUSD,55,0.7546,50715.0,local_quotes_full_history
AUDUSD,56,0.7766,50581.0,local_quotes_full_history
AUDUSD,57,0.7896,50570.0,local_quotes_full_history
AUDUSD,58,0.7776,50546.0,local_quotes_full_history
AUDUSD,59,0.7111,50565.0,local_quotes_full_history
AUDUSD,60,0.7531,50658.0,local_quotes_full_history
AUDUSD,61,0.7658,50842.0,local_quotes_full_history
AUDUSD,62,0.7621,50878.0,local_quotes_full_history
AUDUSD,63,0.7632,50845.0,local_quotes_full_history
AUDUSD,64,0.7724,50791.0,local_quotes_full_history
AUDUSD,65,0.8124,50799.0,local_quotes_full_history
AUDUSD,66,0.9021,50737.0,local_quotes_full_history
AUDUSD,67,0.8169,50610.0,local_quotes_full_history
AUDUSD,68,0.995,50494.0,local_quotes_full_history
AUDUSD,69,3.1459,48959.0,local_quotes_full_history
AUDUSD,70,2.6245,49865.0,local_quotes_full_history
AUDUSD,71,1.1105,50542.0,local_quotes_full_history
AUDUSD,72,0.9754,50087.0,local_quotes_full_history
AUDUSD,73,0.6875,50016.0,local_quotes_full_history
AUDUSD,74,0.6326,50099.0,local_quotes_full_history
AUDUSD,75,0.6615,50207.0,local_quotes_full_history
AUDUSD,76,0.6776,50033.0,local_quotes_full_history
AUDUSD,77,0.649,50354.0,local_quotes_full_history
AUDUSD,78,0.6626,50346.0,local_quotes_full_history
AUDUSD,79,0.7297,50523.0,local_quotes_full_history
AUDUSD,80,0.7613,50464.0,local_quotes_full_history
AUDUSD,81,0.7723,50483.0,local_quotes_full_history
AUDUSD,82,0.7668,50483.0,local_quotes_full_history
AUDUSD,83,0.6928,50461.0,local_quotes_full_history
AUDUSD,84,0.7745,50507.0,local_quotes_full_history
AUDUSD,85,0.7972,50602.0,local_quotes_full_history
AUDUSD,86,0.7642,50536.0,local_quotes_full_history
AUDUSD,87,0.7686,50676.0,local_quotes_full_history
AUDUSD,88,0.8018,50716.0,local_quotes_full_history
AUDUSD,89,0.8154,50679.0,local_quotes_full_history
AUDUSD,90,0.8293,50571.0,local_quotes_full_history
AUDUSD,91,0.8111,50448.0,local_quotes_full_history
AUDUSD,92,1.0025,50367.0,local_quotes_full_history
AUDUSD,93,3.2094,48554.0,local_quotes_full_history
AUDUSD,94,2.6927,49659.0,local_quotes_full_history
AUDUSD,95,1.14,50495.0,local_quotes_full_history
AUDUSD,96,0.982,50222.0,local_quotes_full_history
AUDUSD,97,0.7167,50257.0,local_quotes_full_history
AUDUSD,98,0.6667,50269.0,local_quotes_full_history
AUDUSD,99,0.6733,50278.0,local_quotes_full_history
AUDUSD,100,0.713,50265.0,local_quotes_full_history
AUDUSD,101,0.6554,50450.0,local_quotes_full_history
AUDUSD,102,0.6707,50478.0,local_quotes_full_history
AUDUSD,103,0.7649,50606.0,local_quotes_full_history
AUDUSD,104,0.7931,50679.0,local_quotes_full_history
AUDUSD,105,0.8048,50647.0,local_quotes_full_history
AUDUSD,106,0.7996,50616.0,local_quotes_full_history
AUDUSD,107,0.7732,50603.0,local_quotes_full_history
AUDUSD,108,0.8148,50590.0,local_quotes_full_history
AUDUSD,109,0.8194,50616.0,local_quotes_full_history
AUDUSD,110,0.8118,50695.0,local_quotes_full_history
AUDUSD,111,0.8144,50809.0,local_quotes_full_history
AUDUSD,112,0.8187,50724.0,local_quotes_full_history
AUDUSD,113,0.8288,50223.0,local_quotes_full_history
AUDUSD,114,0.9115,50199.0,local_quotes_full_history
AUDUSD,115,0.8772,50130.0,local_quotes_full_history
AUDUSD,116,1.0598,46263.0,local_quotes_full_history
AUDUSD,117,1.2288,15971.0,local_quotes_full_history
AUDUSD,118,6.4675,349.0,local_quotes_full_history
AUDUSD,161,3.4592,364.0,local_quotes_full_history
AUDUSD,162,9.2062,1002.0,local_quotes_full_history
AUDUSD,163,11.1593,2279.0,local_quotes_full_history
AUDUSD,164,10.3404,4204.0,local_quotes_full_history
AUDUSD,165,5.8287,28900.0,local_quotes_full_history
AUDUSD,166,2.8991,48197.0,local_quotes_full_history
AUDUSD,167,1.3979,49652.0,local_quotes_full_history
CHFJPY,0,0.9911,780.0,dukascopy_sample
CHFJPY,1,0.9085,780.0,dukascopy_sample
CHFJPY,2,0.8859,780.0,dukascopy_sample
CHFJPY,3,0.9085,780.0,dukascopy_sample
CHFJPY,4,0.9201,841.0,dukascopy_sample
CHFJPY,5,0.9028,840.0,dukascopy_sample
CHFJPY,6,0.7808,840.0,dukascopy_sample
CHFJPY,7,0.7634,840.0,dukascopy_sample
CHFJPY,8,0.7721,840.0,dukascopy_sample
CHFJPY,9,0.732,840.0,dukascopy_sample
CHFJPY,10,0.7599,840.0,dukascopy_sample
CHFJPY,11,0.746,840.0,dukascopy_sample
CHFJPY,12,0.7495,840.0,dukascopy_sample
CHFJPY,13,0.732,840.0,dukascopy_sample
CHFJPY,14,0.732,840.0,dukascopy_sample
CHFJPY,15,0.7529,840.0,dukascopy_sample
CHFJPY,16,0.7983,840.0,dukascopy_sample
CHFJPY,17,0.7843,840.0,dukascopy_sample
CHFJPY,18,0.8122,840.0,dukascopy_sample
CHFJPY,19,0.8122,840.0,dukascopy_sample
CHFJPY,20,1.0157,837.0,dukascopy_sample
CHFJPY,21,3.5544,795.0,dukascopy_sample
CHFJPY,22,1.3702,836.0,dukascopy_sample
CHFJPY,23,0.9656,840.0,dukascopy_sample
CHFJPY,24,0.9133,840.0,dukascopy_sample
CHFJPY,25,0.922,840.0,dukascopy_sample
CHFJPY,26,0.8819,840.0,dukascopy_sample
CHFJPY,27,0.9028,840.0,dukascopy_sample
CHFJPY,28,0.8854,840.0,dukascopy_sample
CHFJPY,29,0.9028,840.0,dukascopy_sample
CHFJPY,30,0.7599,840.0,dukascopy_sample
CHFJPY,31,0.7285,840.0,dukascopy_sample
CHFJPY,32,0.7285,840.0,dukascopy_sample
CHFJPY,33,0.7146,840.0,dukascopy_sample
CHFJPY,34,0.7285,840.0,dukascopy_sample
CHFJPY,35,0.7146,840.0,dukascopy_sample
CHFJPY,36,0.7564,840.0,dukascopy_sample
CHFJPY,37,0.7704,840.0,dukascopy_sample
CHFJPY,38,0.7285,840.0,dukascopy_sample
CHFJPY,39,0.7285,840.0,dukascopy_sample
CHFJPY,40,0.7808,840.0,dukascopy_sample
CHFJPY,41,0.7634,840.0,dukascopy_sample
CHFJPY,42,0.8122,840.0,dukascopy_sample
CHFJPY,43,0.7808,840.0,dukascopy_sample
CHFJPY,44,0.9898,836.0,dukascopy_sample
CHFJPY,45,3.5924,797.0,dukascopy_sample
CHFJPY,46,1.4192,830.0,dukascopy_sample
CHFJPY,47,1.0387,838.0,dukascopy_sample
CHFJPY,48,0.9481,840.0,dukascopy_sample
CHFJPY,49,0.8505,840.0,dukascopy_sample
CHFJPY,50,0.8819,840.0,dukascopy_sample
CHFJPY,51,0.8331,840.0,dukascopy_sample
CHFJPY,52,0.895,721.0,dukascopy_sample
CHFJPY,53,0.8622,720.0,dukascopy_sample
CHFJPY,54,0.7646,720.0,dukascopy_sample
CHFJPY,55,0.7158,720.0,dukascopy_sample
CHFJPY,56,0.7158,720.0,dukascopy_sample
CHFJPY,57,0.7158,720.0,dukascopy_sample
CHFJPY,58,0.732,720.0,dukascopy_sample
CHFJPY,59,0.7483,720.0,dukascopy_sample
CHFJPY,60,0.7646,720.0,dukascopy_sample
CHFJPY,61,0.7646,720.0,dukascopy_sample
CHFJPY,62,0.7646,720.0,dukascopy_sample
CHFJPY,63,0.7483,720.0,dukascopy_sample
CHFJPY,64,0.7644,718.0,dukascopy_sample
CHFJPY,65,0.7965,715.0,dukascopy_sample
CHFJPY,66,0.8452,716.0,dukascopy_sample
CHFJPY,67,0.8454,716.0,dukascopy_sample
CHFJPY,68,1.0574,720.0,dukascopy_sample
CHFJPY,69,4.1481,686.0,dukascopy_sample
CHFJPY,70,1.4318,717.0,dukascopy_sample
CHFJPY,71,1.0248,720.0,dukascopy_sample
CHFJPY,72,0.9272,720.0,dukascopy_sample
CHFJPY,73,0.8947,720.0,dukascopy_sample
CHFJPY,74,0.8459,720.0,dukascopy_sample
CHFJPY,75,0.8459,720.0,dukascopy_sample
CHFJPY,76,0.8866,720.0,dukascopy_sample
CHFJPY,77,0.8947,720.0,dukascopy_sample
CHFJPY,78,0.7483,720.0,dukascopy_sample
CHFJPY,79,0.732,720.0,dukascopy_sample
CHFJPY,80,0.7646,720.0,dukascopy_sample
CHFJPY,81,0.7158,720.0,dukascopy_sample
CHFJPY,82,0.7076,720.0,dukascopy_sample
CHFJPY,83,0.7483,720.0,dukascopy_sample
CHFJPY,84,0.7971,720.0,dukascopy_sample
CHFJPY,85,0.732,720.0,dukascopy_sample
CHFJPY,86,0.7483,720.0,dukascopy_sample
CHFJPY,87,0.7402,720.0,dukascopy_sample
CHFJPY,88,0.7971,720.0,dukascopy_sample
CHFJPY,89,0.7971,720.0,dukascopy_sample
CHFJPY,90,0.7971,720.0,dukascopy_sample
CHFJPY,91,0.7971,720.0,dukascopy_sample
CHFJPY,92,1.0085,718.0,dukascopy_sample
CHFJPY,93,3.8318,677.0,dukascopy_sample
CHFJPY,94,1.5142,716.0,dukascopy_sample
CHFJPY,95,1.0818,720.0,dukascopy_sample
CHFJPY,96,0.976,720.0,dukascopy_sample
CHFJPY,97,0.9435,720.0,dukascopy_sample
CHFJPY,98,0.911,720.0,dukascopy_sample
CHFJPY,99,0.9272,720.0,dukascopy_sample
CHFJPY,100,0.8784,718.0,dukascopy_sample
CHFJPY,101,0.8459,720.0,dukascopy_sample
CHFJPY,102,0.7646,720.0,dukascopy_sample
CHFJPY,103,0.7646,720.0,dukascopy_sample
CHFJPY,104,0.7483,720.0,dukascopy_sample
CHFJPY,105,0.7158,720.0,dukascopy_sample
CHFJPY,106,0.7483,720.0,dukascopy_sample
CHFJPY,107,0.7483,720.0,dukascopy_sample
CHFJPY,108,0.7808,720.0,dukascopy_sample
CHFJPY,109,0.7971,720.0,dukascopy_sample
CHFJPY,110,0.7646,720.0,dukascopy_sample
CHFJPY,111,0.7646,720.0,dukascopy_sample
CHFJPY,112,0.8134,720.0,dukascopy_sample
CHFJPY,113,0.8296,720.0,dukascopy_sample
CHFJPY,114,0.8296,720.0,dukascopy_sample
CHFJPY,115,0.8784,720.0,dukascopy_sample
CHFJPY,116,1.2119,720.0,dukascopy_sample
CHFJPY,165,9.0308,575.0,dukascopy_sample
CHFJPY,166,1.7118,780.0,dukascopy_sample
CHFJPY,167,1.1112,780.0,dukascopy_sample
EURCHF,0,0.979,778.0,dukascopy_sample
EURCHF,1,0.958,780.0,dukascopy_sample
EURCHF,2,0.9568,775.0,dukascopy_sample
EURCHF,3,0.9588,773.0,dukascopy_sample
EURCHF,4,1.0129,837.0,dukascopy_sample
EURCHF,5,0.9882,837.0,dukascopy_sample
EURCHF,6,0.8405,840.0,dukascopy_sample
EURCHF,7,0.7422,840.0,dukascopy_sample
EURCHF,8,0.7471,840.0,dukascopy_sample
EURCHF,9,0.7471,840.0,dukascopy_sample
EURCHF,10,0.7422,840.0,dukascopy_sample
EURCHF,11,0.6979,840.0,dukascopy_sample
EURCHF,12,0.6979,840.0,dukascopy_sample
EURCHF,13,0.7176,840.0,dukascopy_sample
EURCHF,14,0.7323,840.0,dukascopy_sample
EURCHF,15,0.7225,840.0,dukascopy_sample
EURCHF,16,0.7667,840.0,dukascopy_sample
EURCHF,17,0.7913,840.0,dukascopy_sample
EURCHF,18,0.8159,840.0,dukascopy_sample
EURCHF,19,0.841,838.0,dukascopy_sample
EURCHF,20,0.9552,833.0,dukascopy_sample
EURCHF,21,3.332,802.0,dukascopy_sample
EURCHF,22,1.5075,829.0,dukascopy_sample
EURCHF,23,1.0083,821.0,dukascopy_sample
EURCHF,24,0.9386,836.0,dukascopy_sample
EURCHF,25,0.9639,838.0,dukascopy_sample
EURCHF,26,0.965,836.0,dukascopy_sample
EURCHF,27,0.9657,832.0,dukascopy_sample
EURCHF,28,0.9642,833.0,dukascopy_sample
EURCHF,29,0.9639,838.0,dukascopy_sample
EURCHF,30,0.7913,840.0,dukascopy_sample
EURCHF,31,0.7422,840.0,dukascopy_sample
EURCHF,32,0.7422,840.0,dukascopy_sample
EURCHF,33,0.7667,840.0,dukascopy_sample
EURCHF,34,0.7225,840.0,dukascopy_sample
EURCHF,35,0.7422,840.0,dukascopy_sample
EURCHF,36,0.7422,840.0,dukascopy_sample
EURCHF,37,0.7422,840.0,dukascopy_sample
EURCHF,38,0.7422,840.0,dukascopy_sample
EURCHF,39,0.7422,840.0,dukascopy_sample
EURCHF,40,0.7667,840.0,dukascopy_sample
EURCHF,41,0.7913,840.0,dukascopy_sample
EURCHF,42,0.7915,839.0,dukascopy_sample
EURCHF,43,0.7913,840.0,dukascopy_sample
EURCHF,44,0.9375,827.0,dukascopy_sample
EURCHF,45,3.3574,810.0,dukascopy_sample
EURCHF,46,1.523,803.0,dukascopy_sample
EURCHF,47,1.088,815.0,dukascopy_sample
EURCHF,48,0.9894,836.0,dukascopy_sample
EURCHF,49,0.9395,838.0,dukascopy_sample
EURCHF,50,0.9396,833.0,dukascopy_sample
EURCHF,51,0.9418,830.0,dukascopy_sample
EURCHF,52,0.9477,707.0,dukascopy_sample
EURCHF,53,0.9417,717.0,dukascopy_sample
EURCHF,54,0.8028,720.0,dukascopy_sample
EURCHF,55,0.734,720.0,dukascopy_sample
EURCHF,56,0.734,720.0,dukascopy_sample
EURCHF,57,0.734,720.0,dukascopy_sample
EURCHF,58,0.7569,720.0,dukascopy_sample
EURCHF,59,0.734,720.0,dukascopy_sample
EURCHF,60,0.734,720.0,dukascopy_sample
EURCHF,61,0.734,720.0,dukascopy_sample
EURCHF,62,0.734,720.0,dukascopy_sample
EURCHF,63,0.734,720.0,dukascopy_sample
EURCHF,64,0.7569,720.0,dukascopy_sample
EURCHF,65,0.7812,714.0,dukascopy_sample
EURCHF,66,0.831,702.0,dukascopy_sample
EURCHF,67,0.8506,714.0,dukascopy_sample
EURCHF,68,0.9904,707.0,dukascopy_sample
EURCHF,69,3.172,693.0,dukascopy_sample
EURCHF,70,1.5167,706.0,dukascopy_sample
EURCHF,71,1.0587,711.0,dukascopy_sample
EURCHF,72,0.9399,719.0,dukascopy_sample
EURCHF,73,0.9179,719.0,dukascopy_sample
EURCHF,74,0.9403,718.0,dukascopy_sample
EURCHF,75,0.9439,708.0,dukascopy_sample
EURCHF,76,0.9434,707.0,dukascopy_sample
EURCHF,77,0.8945,720.0,dukascopy_sample
EURCHF,78,0.8028,720.0,dukascopy_sample
EURCHF,79,0.7569,720.0,dukascopy_sample
EURCHF,80,0.7684,720.0,dukascopy_sample
EURCHF,81,0.7569,720.0,dukascopy_sample
EURCHF,82,0.7569,720.0,dukascopy_sample
EURCHF,83,0.7569,720.0,dukascopy_sample
EURCHF,84,0.734,720.0,dukascopy_sample
EURCHF,85,0.734,720.0,dukascopy_sample
EURCHF,86,0.7569,720.0,dukascopy_sample
EURCHF,87,0.734,720.0,dukascopy_sample
EURCHF,88,0.7337,719.0,dukascopy_sample
EURCHF,89,0.7798,720.0,dukascopy_sample
EURCHF,90,0.803,719.0,dukascopy_sample
EURCHF,91,0.826,719.0,dukascopy_sample
EURCHF,92,0.9646,714.0,dukascopy_sample
EURCHF,93,3.1851,699.0,dukascopy_sample
EURCHF,94,1.6554,712.0,dukascopy_sample
EURCHF,95,1.0706,702.0,dukascopy_sample
EURCHF,96,0.9648,717.0,dukascopy_sample
EURCHF,97,0.9172,716.0,dukascopy_sample
EURCHF,98,0.8957,715.0,dukascopy_sample
EURCHF,99,0.873,716.0,dukascopy_sample
EURCHF,100,0.9476,700.0,dukascopy_sample
EURCHF,101,0.8954,717.0,dukascopy_sample
EURCHF,102,0.8028,720.0,dukascopy_sample
EURCHF,103,0.711,720.0,dukascopy_sample
EURCHF,104,0.6881,720.0,dukascopy_sample
EURCHF,105,0.7225,720.0,dukascopy_sample
EURCHF,106,0.734,720.0,dukascopy_sample
EURCHF,107,0.6881,720.0,dukascopy_sample
EURCHF,108,0.734,720.0,dukascopy_sample
EURCHF,109,0.734,720.0,dukascopy_sample
EURCHF,110,0.734,720.0,dukascopy_sample
EURCHF,111,0.7569,720.0,dukascopy_sample
EURCHF,112,0.7569,720.0,dukascopy_sample
EURCHF,113,0.8028,720.0,dukascopy_sample
EURCHF,114,0.8028,720.0,dukascopy_sample
EURCHF,115,0.8716,720.0,dukascopy_sample
EURCHF,116,1.1239,720.0,dukascopy_sample
EURCHF,165,8.6246,667.0,dukascopy_sample
EURCHF,166,1.6323,768.0,dukascopy_sample
EURCHF,167,0.9833,762.0,dukascopy_sample
EURJPY,0,0.8869,780.0,dukascopy_sample
EURJPY,1,0.8403,780.0,dukascopy_sample
EURJPY,2,0.8558,780.0,dukascopy_sample
EURJPY,3,0.8247,780.0,dukascopy_sample
EURJPY,4,0.831,841.0,dukascopy_sample
EURJPY,5,0.8308,840.0,dukascopy_sample
EURJPY,6,0.7369,840.0,dukascopy_sample
EURJPY,7,0.7297,840.0,dukascopy_sample
EURJPY,8,0.7297,840.0,dukascopy_sample
EURJPY,9,0.7152,840.0,dukascopy_sample
EURJPY,10,0.7586,840.0,dukascopy_sample
EURJPY,11,0.7297,840.0,dukascopy_sample
EURJPY,12,0.7008,840.0,dukascopy_sample
EURJPY,13,0.7441,840.0,dukascopy_sample
EURJPY,14,0.7297,840.0,dukascopy_sample
EURJPY,15,0.6647,840.0,dukascopy_sample
EURJPY,16,0.7658,840.0,dukascopy_sample
EURJPY,17,0.8019,840.0,dukascopy_sample
EURJPY,18,0.8308,840.0,dukascopy_sample
EURJPY,19,0.8308,840.0,dukascopy_sample
EURJPY,20,0.9898,840.0,dukascopy_sample
EURJPY,21,4.1695,817.0,dukascopy_sample
EURJPY,22,1.4015,839.0,dukascopy_sample
EURJPY,23,0.997,840.0,dukascopy_sample
EURJPY,24,0.8308,840.0,dukascopy_sample
EURJPY,25,0.8019,840.0,dukascopy_sample
EURJPY,26,0.7369,840.0,dukascopy_sample
EURJPY,27,0.7658,840.0,dukascopy_sample
EURJPY,28,0.8164,840.0,dukascopy_sample
EURJPY,29,0.7947,840.0,dukascopy_sample
EURJPY,30,0.7947,840.0,dukascopy_sample
EURJPY,31,0.7658,840.0,dukascopy_sample
EURJPY,32,0.7297,840.0,dukascopy_sample
EURJPY,33,0.7297,840.0,dukascopy_sample
EURJPY,34,0.7658,840.0,dukascopy_sample
EURJPY,35,0.7658,840.0,dukascopy_sample
EURJPY,36,0.7947,840.0,dukascopy_sample
EURJPY,37,0.7297,840.0,dukascopy_sample
EURJPY,38,0.7441,840.0,dukascopy_sample
EURJPY,39,0.7297,840.0,dukascopy_sample
EURJPY,40,0.773,840.0,dukascopy_sample
EURJPY,41,0.7658,840.0,dukascopy_sample
EURJPY,42,0.8019,840.0,dukascopy_sample
EURJPY,43,0.7839,840.0,dukascopy_sample
EURJPY,44,0.9894,839.0,dukascopy_sample
EURJPY,45,3.4454,816.0,dukascopy_sample
EURJPY,46,1.3433,835.0,dukascopy_sample
EURJPY,47,0.9603,838.0,dukascopy_sample
EURJPY,48,0.8308,840.0,dukascopy_sample
EURJPY,49,0.8019,840.0,dukascopy_sample
EURJPY,50,0.7947,840.0,dukascopy_sample
EURJPY,51,0.7947,840.0,dukascopy_sample
EURJPY,52,0.8426,722.0,dukascopy_sample
EURJPY,53,0.8091,720.0,dukascopy_sample
EURJPY,54,0.7754,720.0,dukascopy_sample
EURJPY,55,0.7417,720.0,dukascopy_sample
EURJPY,56,0.7417,720.0,dukascopy_sample
EURJPY,57,0.7586,720.0,dukascopy_sample
EURJPY,58,0.7754,720.0,dukascopy_sample
EURJPY,59,0.7417,720.0,dukascopy_sample
EURJPY,60,0.8091,720.0,dukascopy_sample
EURJPY,61,0.8091,720.0,dukascopy_sample
EURJPY,62,0.7754,720.0,dukascopy_sample
EURJPY,63,0.7754,720.0,dukascopy_sample
EURJPY,64,0.8091,720.0,dukascopy_sample
EURJPY,65,0.8091,720.0,dukascopy_sample
EURJPY,66,0.8426,719.0,dukascopy_sample
EURJPY,67,0.8426,719.0,dukascopy_sample
EURJPY,68,1.1791,718.0,dukascopy_sample
EURJPY,69,4.0737,705.0,dukascopy_sample
EURJPY,70,1.416,720.0,dukascopy_sample
EURJPY,71,0.944,720.0,dukascopy_sample
EURJPY,72,0.8597,720.0,dukascopy_sample
EURJPY,73,0.8429,720.0,dukascopy_sample
EURJPY,74,0.7754,720.0,dukascopy_sample
EURJPY,75,0.8091,720.0,dukascopy_sample
EURJPY,76,0.8429,720.0,dukascopy_sample
EURJPY,77,0.8429,720.0,dukascopy_sample
EURJPY,78,0.8091,720.0,dukascopy_sample
EURJPY,79,0.7417,720.0,dukascopy_sample
EURJPY,80,0.7417,720.0,dukascopy_sample
EURJPY,81,0.7417,720.0,dukascopy_sample
EURJPY,82,0.7754,720.0,dukascopy_sample
EURJPY,83,0.7417,720.0,dukascopy_sample
EURJPY,84,0.8091,720.0,dukascopy_sample
EURJPY,85,0.7754,720.0,dukascopy_sample
EURJPY,86,0.7417,720.0,dukascopy_sample
EURJPY,87,0.708,720.0,dukascopy_sample
EURJPY,88,0.7754,720.0,dukascopy_sample
EURJPY,89,0.8429,720.0,dukascopy_sample
EURJPY,90,0.8091,720.0,dukascopy_sample
EURJPY,91,0.8091,720.0,dukascopy_sample
EURJPY,92,1.0114,720.0,dukascopy_sample
EURJPY,93,3.702,695.0,dukascopy_sample
EURJPY,94,1.517,719.0,dukascopy_sample
EURJPY,95,1.0114,720.0,dukascopy_sample
EURJPY,96,0.8429,720.0,dukascopy_sample
EURJPY,97,0.8429,720.0,dukascopy_sample
EURJPY,98,0.7417,720.0,dukascopy_sample
EURJPY,99,0.8429,720.0,dukascopy_sample
EURJPY,100,0.7754,720.0,dukascopy_sample
EURJPY,101,0.8091,720.0,dukascopy_sample
EURJPY,102,0.7754,720.0,dukascopy_sample
EURJPY,103,0.7754,720.0,dukascopy_sample
EURJPY,104,0.7754,720.0,dukascopy_sample
EURJPY,105,0.7417,720.0,dukascopy_sample
EURJPY,106,0.7417,720.0,dukascopy_sample
EURJPY,107,0.7754,720.0,dukascopy_sample
EURJPY,108,0.8091,720.0,dukascopy_sample
EURJPY,109,0.8091,720.0,dukascopy_sample
EURJPY,110,0.7754,720.0,dukascopy_sample
EURJPY,111,0.7417,720.0,dukascopy_sample
EURJPY,112,0.8091,720.0,dukascopy_sample
EURJPY,113,0.7754,720.0,dukascopy_sample
EURJPY,114,0.8429,720.0,dukascopy_sample
EURJPY,115,0.8766,720.0,dukascopy_sample
EURJPY,116,1.2811,720.0,dukascopy_sample
EURJPY,165,9.2438,707.0,dukascopy_sample
EURJPY,166,1.6494,780.0,dukascopy_sample
EURJPY,167,1.1279,779.0,dukascopy_sample
EURNOK,0,1.3944,772.0,dukascopy_sample
EURNOK,1,1.2662,773.0,dukascopy_sample
EURNOK,2,1.23,764.0,dukascopy_sample
EURNOK,3,1.2718,769.0,dukascopy_sample
EURNOK,4,1.0921,822.0,dukascopy_sample
EURNOK,5,0.9819,831.0,dukascopy_sample
EURNOK,6,0.6299,840.0,dukascopy_sample
EURNOK,7,0.5789,840.0,dukascopy_sample
EURNOK,8,0.5791,840.0,dukascopy_sample
EURNOK,9,0.5493,839.0,dukascopy_sample
EURNOK,10,0.5548,840.0,dukascopy_sample
EURNOK,11,0.5329,839.0,dukascopy_sample
EURNOK,12,0.5586,840.0,dukascopy_sample
EURNOK,13,0.5619,840.0,dukascopy_sample
EURNOK,14,0.5617,840.0,dukascopy_sample
EURNOK,15,0.5689,840.0,dukascopy_sample
EURNOK,16,0.6826,839.0,dukascopy_sample
EURNOK,17,0.6875,838.0,dukascopy_sample
EURNOK,18,0.7022,825.0,dukascopy_sample
EURNOK,19,0.7117,831.0,dukascopy_sample
EURNOK,20,0.8641,827.0,dukascopy_sample
EURNOK,21,3.5764,671.0,dukascopy_sample
EURNOK,22,1.7843,809.0,dukascopy_sample
EURNOK,23,1.5545,816.0,dukascopy_sample
EURNOK,24,1.0901,829.0,dukascopy_sample
EURNOK,25,1.0835,824.0,dukascopy_sample
EURNOK,26,1.0447,827.0,dukascopy_sample
EURNOK,27,1.0491,829.0,dukascopy_sample
EURNOK,28,1.0179,827.0,dukascopy_sample
EURNOK,29,0.959,832.0,dukascopy_sample
EURNOK,30,0.6174,840.0,dukascopy_sample
EURNOK,31,0.5745,838.0,dukascopy_sample
EURNOK,32,0.569,840.0,dukascopy_sample
EURNOK,33,0.5491,840.0,dukascopy_sample
EURNOK,34,0.5565,840.0,dukascopy_sample
EURNOK,35,0.5288,840.0,dukascopy_sample
EURNOK,36,0.5281,840.0,dukascopy_sample
EURNOK,37,0.5494,839.0,dukascopy_sample
EURNOK,38,0.5494,840.0,dukascopy_sample
EURNOK,39,0.564,840.0,dukascopy_sample
EURNOK,40,0.6795,837.0,dukascopy_sample
EURNOK,41,0.6795,835.0,dukascopy_sample
EURNOK,42,0.6812,833.0,dukascopy_sample
EURNOK,43,0.7219,832.0,dukascopy_sample
EURNOK,44,0.8684,829.0,dukascopy_sample
EURNOK,45,3.8349,709.0,dukascopy_sample
EURNOK,46,2.1207,821.0,dukascopy_sample
EURNOK,47,1.6332,817.0,dukascopy_sample
EURNOK,48,1.1293,828.0,dukascopy_sample
EURNOK,49,1.1225,833.0,dukascopy_sample
EURNOK,50,1.0199,829.0,dukascopy_sample
EURNOK,51,1.0063,819.0,dukascopy_sample
EURNOK,52,1.0445,713.0,dukascopy_sample
EURNOK,53,0.9522,716.0,dukascopy_sample
EURNOK,54,0.622,718.0,dukascopy_sample
EURNOK,55,0.5644,720.0,dukascopy_sample
EURNOK,56,0.5763,720.0,dukascopy_sample
EURNOK,57,0.537,720.0,dukascopy_sample
EURNOK,58,0.529,720.0,dukascopy_sample
EURNOK,59,0.5224,720.0,dukascopy_sample
EURNOK,60,0.5271,720.0,dukascopy_sample
EURNOK,61,0.5201,720.0,dukascopy_sample
EURNOK,62,0.5337,720.0,dukascopy_sample
EURNOK,63,0.5525,720.0,dukascopy_sample
EURNOK,64,0.6677,717.0,dukascopy_sample
EURNOK,65,0.6899,720.0,dukascopy_sample
EURNOK,66,0.6924,715.0,dukascopy_sample
EURNOK,67,0.7187,711.0,dukascopy_sample
EURNOK,68,0.9298,714.0,dukascopy_sample
EURNOK,69,4.6098,512.0,dukascopy_sample
EURNOK,70,2.1352,704.0,dukascopy_sample
EURNOK,71,1.6126,712.0,dukascopy_sample
EURNOK,72,1.1181,702.0,dukascopy_sample
EURNOK,73,1.1054,709.0,dukascopy_sample
EURNOK,74,1.0957,708.0,dukascopy_sample
EURNOK,75,1.1382,716.0,dukascopy_sample
EURNOK,76,1.0707,713.0,dukascopy_sample
EURNOK,77,0.8884,719.0,dukascopy_sample
EURNOK,78,0.5782,720.0,dukascopy_sample
EURNOK,79,0.568,720.0,dukascopy_sample
EURNOK,80,0.564,720.0,dukascopy_sample
EURNOK,81,0.5594,720.0,dukascopy_sample
EURNOK,82,0.5594,719.0,dukascopy_sample
EURNOK,83,0.5277,720.0,dukascopy_sample
EURNOK,84,0.5432,720.0,dukascopy_sample
EURNOK,85,0.5353,720.0,dukascopy_sample
EURNOK,86,0.5512,720.0,dukascopy_sample
EURNOK,87,0.5759,720.0,dukascopy_sample
EURNOK,88,0.6995,719.0,dukascopy_sample
EURNOK,89,0.7142,715.0,dukascopy_sample
EURNOK,90,0.7075,719.0,dukascopy_sample
EURNOK,91,0.7633,713.0,dukascopy_sample
EURNOK,92,0.9983,709.0,dukascopy_sample
EURNOK,93,5.5122,569.0,dukascopy_sample
EURNOK,94,2.4814,706.0,dukascopy_sample
EURNOK,95,1.7525,704.0,dukascopy_sample
EURNOK,96,1.3244,712.0,dukascopy_sample
EURNOK,97,1.2289,714.0,dukascopy_sample
EURNOK,98,1.2382,705.0,dukascopy_sample
EURNOK,99,1.2281,700.0,dukascopy_sample
EURNOK,100,1.1118,707.0,dukascopy_sample
EURNOK,101,1.0435,711.0,dukascopy_sample
EURNOK,102,0.6446,720.0,dukascopy_sample
EURNOK,103,0.5845,720.0,dukascopy_sample
EURNOK,104,0.5687,720.0,dukascopy_sample
EURNOK,105,0.5403,720.0,dukascopy_sample
EURNOK,106,0.5396,720.0,dukascopy_sample
EURNOK,107,0.5541,720.0,dukascopy_sample
EURNOK,108,0.564,720.0,dukascopy_sample
EURNOK,109,0.5657,720.0,dukascopy_sample
EURNOK,110,0.5812,720.0,dukascopy_sample
EURNOK,111,0.566,720.0,dukascopy_sample
EURNOK,112,0.7064,717.0,dukascopy_sample
EURNOK,113,0.71,715.0,dukascopy_sample
EURNOK,114,0.7377,716.0,dukascopy_sample
EURNOK,115,0.7895,707.0,dukascopy_sample
EURNOK,116,1.2851,699.0,dukascopy_sample
EURNOK,165,6.5161,416.0,dukascopy_sample
EURNOK,166,3.6104,717.0,dukascopy_sample
EURNOK,167,2.6746,752.0,dukascopy_sample
EURSEK,0,1.2621,773.0,dukascopy_sample
EURSEK,1,1.2968,766.0,dukascopy_sample
EURSEK,2,1.15,762.0,dukascopy_sample
EURSEK,3,1.1073,770.0,dukascopy_sample
EURSEK,4,1.0182,828.0,dukascopy_sample
EURSEK,5,0.9848,832.0,dukascopy_sample
EURSEK,6,0.6478,840.0,dukascopy_sample
EURSEK,7,0.5947,840.0,dukascopy_sample
EURSEK,8,0.5592,840.0,dukascopy_sample
EURSEK,9,0.5427,840.0,dukascopy_sample
EURSEK,10,0.5582,840.0,dukascopy_sample
EURSEK,11,0.5559,840.0,dukascopy_sample
EURSEK,12,0.5477,840.0,dukascopy_sample
EURSEK,13,0.553,840.0,dukascopy_sample
EURSEK,14,0.5766,840.0,dukascopy_sample
EURSEK,15,0.5923,838.0,dukascopy_sample
EURSEK,16,0.6422,839.0,dukascopy_sample
EURSEK,17,0.6517,836.0,dukascopy_sample
EURSEK,18,0.6547,834.0,dukascopy_sample
EURSEK,19,0.6842,832.0,dukascopy_sample
EURSEK,20,0.8356,827.0,dukascopy_sample
EURSEK,21,3.9538,642.0,dukascopy_sample
EURSEK,22,1.9439,786.0,dukascopy_sample
EURSEK,23,1.5075,813.0,dukascopy_sample
EURSEK,24,1.085,831.0,dukascopy_sample
EURSEK,25,1.0957,835.0,dukascopy_sample
EURSEK,26,0.9918,821.0,dukascopy_sample
EURSEK,27,1.0266,828.0,dukascopy_sample
EURSEK,28,0.949,821.0,dukascopy_sample
EURSEK,29,0.8959,834.0,dukascopy_sample
EURSEK,30,0.6466,840.0,dukascopy_sample
EURSEK,31,0.575,840.0,dukascopy_sample
EURSEK,32,0.546,840.0,dukascopy_sample
EURSEK,33,0.5471,840.0,dukascopy_sample
EURSEK,34,0.5319,840.0,dukascopy_sample
EURSEK,35,0.5326,840.0,dukascopy_sample
EURSEK,36,0.5206,840.0,dukascopy_sample
EURSEK,37,0.5446,840.0,dukascopy_sample
EURSEK,38,0.5495,840.0,dukascopy_sample
EURSEK,39,0.5576,840.0,dukascopy_sample
EURSEK,40,0.642,839.0,dukascopy_sample
EURSEK,41,0.6594,838.0,dukascopy_sample
EURSEK,42,0.6691,835.0,dukascopy_sample
EURSEK,43,0.6765,824.0,dukascopy_sample
EURSEK,44,0.8471,809.0,dukascopy_sample
EURSEK,45,4.7869,630.0,dukascopy_sample
EURSEK,46,2.3396,772.0,dukascopy_sample
EURSEK,47,1.7104,811.0,dukascopy_sample
EURSEK,48,1.1007,820.0,dukascopy_sample
EURSEK,49,1.0851,838.0,dukascopy_sample
EURSEK,50,1.0069,812.0,dukascopy_sample
EURSEK,51,1.0403,803.0,dukascopy_sample
EURSEK,52,0.974,684.0,dukascopy_sample
EURSEK,53,0.9621,719.0,dukascopy_sample
EURSEK,54,0.6237,719.0,dukascopy_sample
EURSEK,55,0.5561,720.0,dukascopy_sample
EURSEK,56,0.5561,720.0,dukascopy_sample
EURSEK,57,0.5387,720.0,dukascopy_sample
EURSEK,58,0.5434,720.0,dukascopy_sample
EURSEK,59,0.5399,720.0,dukascopy_sample
EURSEK,60,0.5395,720.0,dukascopy_sample
EURSEK,61,0.5335,720.0,dukascopy_sample
EURSEK,62,0.5482,720.0,dukascopy_sample
EURSEK,63,0.5458,719.0,dukascopy_sample
EURSEK,64,0.619,720.0,dukascopy_sample
EURSEK,65,0.6694,718.0,dukascopy_sample
EURSEK,66,0.6933,720.0,dukascopy_sample
EURSEK,67,0.7038,712.0,dukascopy_sample
EURSEK,68,0.9244,714.0,dukascopy_sample
EURSEK,69,4.6803,549.0,dukascopy_sample
EURSEK,70,2.3347,690.0,dukascopy_sample
EURSEK,71,1.8386,689.0,dukascopy_sample
EURSEK,72,1.1026,708.0,dukascopy_sample
EURSEK,73,1.0943,715.0,dukascopy_sample
EURSEK,74,0.9648,708.0,dukascopy_sample
EURSEK,75,1.0722,696.0,dukascopy_sample
EURSEK,76,1.0939,711.0,dukascopy_sample
EURSEK,77,0.9649,719.0,dukascopy_sample
EURSEK,78,0.6174,719.0,dukascopy_sample
EURSEK,79,0.581,720.0,dukascopy_sample
EURSEK,80,0.549,720.0,dukascopy_sample
EURSEK,81,0.5347,720.0,dukascopy_sample
EURSEK,82,0.524,720.0,dukascopy_sample
EURSEK,83,0.5395,720.0,dukascopy_sample
EURSEK,84,0.5521,720.0,dukascopy_sample
EURSEK,85,0.5497,720.0,dukascopy_sample
EURSEK,86,0.5497,720.0,dukascopy_sample
EURSEK,87,0.5683,720.0,dukascopy_sample
EURSEK,88,0.6331,718.0,dukascopy_sample
EURSEK,89,0.6741,718.0,dukascopy_sample
EURSEK,90,0.6684,712.0,dukascopy_sample
EURSEK,91,0.6965,714.0,dukascopy_sample
EURSEK,92,0.8976,705.0,dukascopy_sample
EURSEK,93,5.1996,555.0,dukascopy_sample
EURSEK,94,2.4674,691.0,dukascopy_sample
EURSEK,95,1.8887,701.0,dukascopy_sample
EURSEK,96,1.2783,712.0,dukascopy_sample
EURSEK,97,1.2594,716.0,dukascopy_sample
EURSEK,98,1.2588,709.0,dukascopy_sample
EURSEK,99,1.1714,692.0,dukascopy_sample
EURSEK,100,1.0761,697.0,dukascopy_sample
EURSEK,101,1.0446,715.0,dukascopy_sample
EURSEK,102,0.6407,720.0,dukascopy_sample
EURSEK,103,0.5794,720.0,dukascopy_sample
EURSEK,104,0.5687,720.0,dukascopy_sample
EURSEK,105,0.5529,720.0,dukascopy_sample
EURSEK,106,0.5533,720.0,dukascopy_sample
EURSEK,107,0.5477,719.0,dukascopy_sample
EURSEK,108,0.5553,720.0,dukascopy_sample
EURSEK,109,0.5513,720.0,dukascopy_sample
EURSEK,110,0.547,720.0,dukascopy_sample
EURSEK,111,0.5861,720.0,dukascopy_sample
EURSEK,112,0.6573,720.0,dukascopy_sample
EURSEK,113,0.6708,719.0,dukascopy_sample
EURSEK,114,0.7048,712.0,dukascopy_sample
EURSEK,115,0.7305,716.0,dukascopy_sample
EURSEK,116,1.3035,701.0,dukascopy_sample
EURSEK,165,7.4714,291.0,dukascopy_sample
EURSEK,166,4.2467,711.0,dukascopy_sample
EURSEK,167,3.0938,742.0,dukascopy_sample
EURUSD,0,1.4332,49498.0,local_quotes_full_history
EURUSD,1,1.162,49623.0,local_quotes_full_history
EURUSD,2,0.9845,49623.0,local_quotes_full_history
EURUSD,3,1.0568,49737.0,local_quotes_full_history
EURUSD,4,1.0876,49666.0,local_quotes_full_history
EURUSD,5,0.9834,49925.0,local_quotes_full_history
EURUSD,6,0.7556,50125.0,local_quotes_full_history
EURUSD,7,0.5907,50219.0,local_quotes_full_history
EURUSD,8,0.5837,50227.0,local_quotes_full_history
EURUSD,9,0.5808,50198.0,local_quotes_full_history
EURUSD,10,0.5823,50201.0,local_quotes_full_history
EURUSD,11,0.5791,50218.0,local_quotes_full_history
EURUSD,12,0.5743,50253.0,local_quotes_full_history
EURUSD,13,0.5732,50310.0,local_quotes_full_history
EURUSD,14,0.5723,50502.0,local_quotes_full_history
EURUSD,15,0.5735,50509.0,local_quotes_full_history
EURUSD,16,0.5846,50489.0,local_quotes_full_history
EURUSD,17,0.6153,50306.0,local_quotes_full_history
EURUSD,18,0.7783,50316.0,local_quotes_full_history
EURUSD,19,0.7921,50212.0,local_quotes_full_history
EURUSD,20,1.1495,50131.0,local_quotes_full_history
EURUSD,21,4.0572,49036.0,local_quotes_full_history
EURUSD,22,3.46,49576.0,local_quotes_full_history
EURUSD,23,1.4326,50055.0,local_quotes_full_history
EURUSD,24,1.0742,50290.0,local_quotes_full_history
EURUSD,25,0.7757,50286.0,local_quotes_full_history
EURUSD,26,0.7636,50226.0,local_quotes_full_history
EURUSD,27,0.7852,50159.0,local_quotes_full_history
EURUSD,28,0.8051,50192.0,local_quotes_full_history
EURUSD,29,0.7608,50403.0,local_quotes_full_history
EURUSD,30,0.5923,50492.0,local_quotes_full_history
EURUSD,31,0.5781,50505.0,local_quotes_full_history
EURUSD,32,0.5737,50379.0,local_quotes_full_history
EURUSD,33,0.5738,50231.0,local_quotes_full_history
EURUSD,34,0.5746,50241.0,local_quotes_full_history
EURUSD,35,0.5711,50266.0,local_quotes_full_history
EURUSD,36,0.564,50248.0,local_quotes_full_history
EURUSD,37,0.5659,50294.0,local_quotes_full_history
EURUSD,38,0.5691,50411.0,local_quotes_full_history
EURUSD,39,0.5688,50530.0,local_quotes_full_history
EURUSD,40,0.575,50562.0,local_quotes_full_history
EURUSD,41,0.5842,50392.0,local_quotes_full_history
EURUSD,42,0.5929,50369.0,local_quotes_full_history
EURUSD,43,0.7353,50288.0,local_quotes_full_history
EURUSD,44,1.077,50258.0,local_quotes_full_history
EURUSD,45,3.9807,49271.0,local_quotes_full_history
EURUSD,46,3.2965,49631.0,local_quotes_full_history
EURUSD,47,1.4044,49938.0,local_quotes_full_history
EURUSD,48,1.0724,50093.0,local_quotes_full_history
EURUSD,49,0.7695,50146.0,local_quotes_full_history
EURUSD,50,0.7621,50137.0,local_quotes_full_history
EURUSD,51,0.7864,50103.0,local_quotes_full_history
EURUSD,52,0.9117,49940.0,local_quotes_full_history
EURUSD,53,0.7732,50222.0,local_quotes_full_history
EURUSD,54,0.5924,50427.0,local_quotes_full_history
EURUSD,55,0.5815,50450.0,local_quotes_full_history
EURUSD,56,0.575,50344.0,local_quotes_full_history
EURUSD,57,0.5747,50297.0,local_quotes_full_history
EURUSD,58,0.575,50262.0,local_quotes_full_history
EURUSD,59,0.5711,50272.0,local_quotes_full_history
EURUSD,60,0.5709,50332.0,local_quotes_full_history
EURUSD,61,0.5706,50423.0,local_quotes_full_history
EURUSD,62,0.5673,50442.0,local_quotes_full_history
EURUSD,63,0.5607,50428.0,local_quotes_full_history
EURUSD,64,0.5695,50398.0,local_quotes_full_history
EURUSD,65,0.5867,50389.0,local_quotes_full_history
EURUSD,66,0.7554,50354.0,local_quotes_full_history
EURUSD,67,0.7663,50229.0,local_quotes_full_history
EURUSD,68,1.002,50143.0,local_quotes_full_history
EURUSD,69,3.9786,49423.0,local_quotes_full_history
EURUSD,70,3.4096,49625.0,local_quotes_full_history
EURUSD,71,1.3992,50026.0,local_quotes_full_history
EURUSD,72,1.0541,49912.0,local_quotes_full_history
EURUSD,73,0.762,49899.0,local_quotes_full_history
EURUSD,74,0.755,49948.0,local_quotes_full_history
EURUSD,75,0.7697,50050.0,local_quotes_full_history
EURUSD,76,0.8557,49917.0,local_quotes_full_history
EURUSD,77,0.7625,50268.0,local_quotes_full_history
EURUSD,78,0.5915,50248.0,local_quotes_full_history
EURUSD,79,0.5808,50411.0,local_quotes_full_history
EURUSD,80,0.5753,50347.0,local_quotes_full_history
EURUSD,81,0.5743,50323.0,local_quotes_full_history
EURUSD,82,0.5758,50314.0,local_quotes_full_history
EURUSD,83,0.5739,50294.0,local_quotes_full_history
EURUSD,84,0.5876,50335.0,local_quotes_full_history
EURUSD,85,0.5864,50425.0,local_quotes_full_history
EURUSD,86,0.5766,50316.0,local_quotes_full_history
EURUSD,87,0.5745,50382.0,local_quotes_full_history
EURUSD,88,0.5776,50437.0,local_quotes_full_history
EURUSD,89,0.5878,50372.0,local_quotes_full_history
EURUSD,90,0.5995,50290.0,local_quotes_full_history
EURUSD,91,0.7572,50213.0,local_quotes_full_history
EURUSD,92,1.0899,50139.0,local_quotes_full_history
EURUSD,93,4.0312,49226.0,local_quotes_full_history
EURUSD,94,3.5388,49428.0,local_quotes_full_history
EURUSD,95,1.4408,50005.0,local_quotes_full_history
EURUSD,96,1.0712,50312.0,local_quotes_full_history
EURUSD,97,0.7828,50346.0,local_quotes_full_history
EURUSD,98,0.7736,50305.0,local_quotes_full_history
EURUSD,99,0.8062,50254.0,local_quotes_full_history
EURUSD,100,0.9255,50199.0,local_quotes_full_history
EURUSD,101,0.7822,50354.0,local_quotes_full_history
EURUSD,102,0.6028,50388.0,local_quotes_full_history
EURUSD,103,0.5892,50388.0,local_quotes_full_history
EURUSD,104,0.5811,50391.0,local_quotes_full_history
EURUSD,105,0.5811,50362.0,local_quotes_full_history
EURUSD,106,0.5817,50351.0,local_quotes_full_history
EURUSD,107,0.5809,50351.0,local_quotes_full_history
EURUSD,108,0.5876,50327.0,local_quotes_full_history
EURUSD,109,0.5888,50322.0,local_quotes_full_history
EURUSD,110,0.5867,50373.0,local_quotes_full_history
EURUSD,111,0.5794,50493.0,local_quotes_full_history
EURUSD,112,0.5827,50441.0,local_quotes_full_history
EURUSD,113,0.5909,49889.0,local_quotes_full_history
EURUSD,114,0.7469,49933.0,local_quotes_full_history
EURUSD,115,0.7835,49851.0,local_quotes_full_history
EURUSD,116,1.1508,46065.0,local_quotes_full_history
EURUSD,117,1.4421,16295.0,local_quotes_full_history
EURUSD,118,6.0107,353.0,local_quotes_full_history
EURUSD,119,5.7464,104.0,local_quotes_full_history
EURUSD,161,4.2296,327.0,local_quotes_full_history
EURUSD,162,0.5246,640.0,local_quotes_full_history
EURUSD,163,7.0215,1656.0,local_quotes_full_history
EURUSD,164,8.2677,2763.0,local_quotes_full_history
EURUSD,165,6.6999,28234.0,local_quotes_full_history
EURUSD,166,3.8389,47033.0,local_quotes_full_history
EURUSD,167,1.8072,49007.0,local_quotes_full_history
GBPUSD,0,1.1349,49552.0,local_quotes_full_history
GBPUSD,1,1.2042,49668.0,local_quotes_full_history
GBPUSD,2,1.2256,49637.0,local_quotes_full_history
GBPUSD,3,1.273,49778.0,local_quotes_full_history
GBPUSD,4,1.3309,49718.0,local_quotes_full_history
GBPUSD,5,1.2343,49940.0,local_quotes_full_history
GBPUSD,6,0.8968,50157.0,local_quotes_full_history
GBPUSD,7,0.7191,50276.0,local_quotes_full_history
GBPUSD,8,0.7028,50291.0,local_quotes_full_history
GBPUSD,9,0.7019,50260.0,local_quotes_full_history
GBPUSD,10,0.6997,50305.0,local_quotes_full_history
GBPUSD,11,0.7078,50367.0,local_quotes_full_history
GBPUSD,12,0.7004,50491.0,local_quotes_full_history
GBPUSD,13,0.6511,50548.0,local_quotes_full_history
GBPUSD,14,0.6501,50798.0,local_quotes_full_history
GBPUSD,15,0.6921,50795.0,local_quotes_full_history
GBPUSD,16,0.7072,50800.0,local_quotes_full_history
GBPUSD,17,0.7323,50611.0,local_quotes_full_history
GBPUSD,18,0.7551,50505.0,local_quotes_full_history
GBPUSD,19,0.8126,50431.0,local_quotes_full_history
GBPUSD,20,1.1517,50274.0,local_quotes_full_history
GBPUSD,21,1.8652,48771.0,local_quotes_full_history
GBPUSD,22,1.7976,49543.0,local_quotes_full_history
GBPUSD,23,1.5486,50317.0,local_quotes_full_history
GBPUSD,24,1.2203,50346.0,local_quotes_full_history
GBPUSD,25,1.2316,50333.0,local_quotes_full_history
GBPUSD,26,1.271,50271.0,local_quotes_full_history
GBPUSD,27,1.2424,50216.0,local_quotes_full_history
GBPUSD,28,1.2786,50230.0,local_quotes_full_history
GBPUSD,29,1.1621,50442.0,local_quotes_full_history
GBPUSD,30,0.8753,50549.0,local_quotes_full_history
GBPUSD,31,0.7109,50564.0,local_quotes_full_history
GBPUSD,32,0.6926,50488.0,local_quotes_full_history
GBPUSD,33,0.6933,50367.0,local_quotes_full_history
GBPUSD,34,0.6937,50422.0,local_quotes_full_history
GBPUSD,35,0.6936,50449.0,local_quotes_full_history
GBPUSD,36,0.6855,50427.0,local_quotes_full_history
GBPUSD,37,0.6468,50469.0,local_quotes_full_history
GBPUSD,38,0.6462,50590.0,local_quotes_full_history
GBPUSD,39,0.6514,50710.0,local_quotes_full_history
GBPUSD,40,0.6705,50743.0,local_quotes_full_history
GBPUSD,41,0.7121,50644.0,local_quotes_full_history
GBPUSD,42,0.7219,50611.0,local_quotes_full_history
GBPUSD,43,0.7792,50498.0,local_quotes_full_history
GBPUSD,44,1.0671,50417.0,local_quotes_full_history
GBPUSD,45,1.8443,48910.0,local_quotes_full_history
GBPUSD,46,1.7915,49490.0,local_quotes_full_history
GBPUSD,47,1.5378,50062.0,local_quotes_full_history
GBPUSD,48,1.2371,50045.0,local_quotes_full_history
GBPUSD,49,1.2132,50070.0,local_quotes_full_history
GBPUSD,50,1.2534,50064.0,local_quotes_full_history
GBPUSD,51,1.2887,50077.0,local_quotes_full_history
GBPUSD,52,1.3334,50065.0,local_quotes_full_history
GBPUSD,53,1.245,50407.0,local_quotes_full_history
GBPUSD,54,0.8831,50600.0,local_quotes_full_history
GBPUSD,55,0.7139,50619.0,local_quotes_full_history
GBPUSD,56,0.6951,50494.0,local_quotes_full_history
GBPUSD,57,0.696,50459.0,local_quotes_full_history
GBPUSD,58,0.6967,50436.0,local_quotes_full_history
GBPUSD,59,0.6954,50412.0,local_quotes_full_history
GBPUSD,60,0.6948,50480.0,local_quotes_full_history
GBPUSD,61,0.6549,50602.0,local_quotes_full_history
GBPUSD,62,0.6498,50624.0,local_quotes_full_history
GBPUSD,63,0.6522,50621.0,local_quotes_full_history
GBPUSD,64,0.6633,50638.0,local_quotes_full_history
GBPUSD,65,0.7152,50619.0,local_quotes_full_history
GBPUSD,66,0.7488,50575.0,local_quotes_full_history
GBPUSD,67,0.7972,50468.0,local_quotes_full_history
GBPUSD,68,1.0543,50379.0,local_quotes_full_history
GBPUSD,69,1.8438,49233.0,local_quotes_full_history
GBPUSD,70,1.799,49570.0,local_quotes_full_history
GBPUSD,71,1.5453,50192.0,local_quotes_full_history
GBPUSD,72,1.2403,50145.0,local_quotes_full_history
GBPUSD,73,1.2603,50082.0,local_quotes_full_history
GBPUSD,74,1.2802,50097.0,local_quotes_full_history
GBPUSD,75,1.2663,50189.0,local_quotes_full_history
GBPUSD,76,1.2555,49988.0,local_quotes_full_history
GBPUSD,77,1.1743,50259.0,local_quotes_full_history
GBPUSD,78,0.8802,50234.0,local_quotes_full_history
GBPUSD,79,0.7126,50410.0,local_quotes_full_history
GBPUSD,80,0.6932,50407.0,local_quotes_full_history
GBPUSD,81,0.6977,50383.0,local_quotes_full_history
GBPUSD,82,0.6965,50375.0,local_quotes_full_history
GBPUSD,83,0.7062,50356.0,local_quotes_full_history
GBPUSD,84,0.7127,50396.0,local_quotes_full_history
GBPUSD,85,0.7009,50517.0,local_quotes_full_history
GBPUSD,86,0.6554,50438.0,local_quotes_full_history
GBPUSD,87,0.684,50502.0,local_quotes_full_history
GBPUSD,88,0.6938,50560.0,local_quotes_full_history
GBPUSD,89,0.7177,50515.0,local_quotes_full_history
GBPUSD,90,0.7339,50424.0,local_quotes_full_history
GBPUSD,91,0.7931,50301.0,local_quotes_full_history
GBPUSD,92,1.0886,50253.0,local_quotes_full_history
GBPUSD,93,1.8878,48650.0,local_quotes_full_history
GBPUSD,94,1.8331,49203.0,local_quotes_full_history
GBPUSD,95,1.5802,50160.0,local_quotes_full_history
GBPUSD,96,1.251,50257.0,local_quotes_full_history
GBPUSD,97,1.2549,50280.0,local_quotes_full_history
GBPUSD,98,1.2663,50240.0,local_quotes_full_history
GBPUSD,99,1.3171,50200.0,local_quotes_full_history
GBPUSD,100,1.3943,50193.0,local_quotes_full_history
GBPUSD,101,1.2962,50315.0,local_quotes_full_history
GBPUSD,102,0.9099,50388.0,local_quotes_full_history
GBPUSD,103,0.7256,50382.0,local_quotes_full_history
GBPUSD,104,0.7103,50399.0,local_quotes_full_history
GBPUSD,105,0.7107,50370.0,local_quotes_full_history
GBPUSD,106,0.7107,50355.0,local_quotes_full_history
GBPUSD,107,0.7075,50366.0,local_quotes_full_history
GBPUSD,108,0.714,50354.0,local_quotes_full_history
GBPUSD,109,0.7103,50407.0,local_quotes_full_history
GBPUSD,110,0.7063,50547.0,local_quotes_full_history
GBPUSD,111,0.7095,50663.0,local_quotes_full_history
GBPUSD,112,0.711,50587.0,local_quotes_full_history
GBPUSD,113,0.7251,50095.0,local_quotes_full_history
GBPUSD,114,0.7503,50076.0,local_quotes_full_history
GBPUSD,115,0.8181,50044.0,local_quotes_full_history
GBPUSD,116,1.171,46145.0,local_quotes_full_history
GBPUSD,117,1.3704,15628.0,local_quotes_full_history
GBPUSD,118,1.8074,119.0,local_quotes_full_history
GBPUSD,161,5.0626,356.0,local_quotes_full_history
GBPUSD,162,0.6562,495.0,local_quotes_full_history
GBPUSD,163,0.4926,687.0,local_quotes_full_history
GBPUSD,164,4.2573,1142.0,local_quotes_full_history
GBPUSD,165,4.1239,21554.0,local_quotes_full_history
GBPUSD,166,2.099,44693.0,local_quotes_full_history
GBPUSD,167,1.3536,49228.0,local_quotes_full_history
NZDJPY,0,0.9472,780.0,dukascopy_sample
NZDJPY,1,0.8667,780.0,dukascopy_sample
NZDJPY,2,0.843,780.0,dukascopy_sample
NZDJPY,3,0.843,780.0,dukascopy_sample
NZDJPY,4,0.8792,841.0,dukascopy_sample
NZDJPY,5,0.8971,840.0,dukascopy_sample
NZDJPY,6,0.8355,840.0,dukascopy_sample
NZDJPY,7,0.8355,840.0,dukascopy_sample
NZDJPY,8,0.8355,840.0,dukascopy_sample
NZDJPY,9,0.8135,840.0,dukascopy_sample
NZDJPY,10,0.8355,840.0,dukascopy_sample
NZDJPY,11,0.8355,840.0,dukascopy_sample
NZDJPY,12,0.8355,840.0,dukascopy_sample
NZDJPY,13,0.8355,840.0,dukascopy_sample
NZDJPY,14,0.8223,840.0,dukascopy_sample
NZDJPY,15,0.8135,840.0,dukascopy_sample
NZDJPY,16,0.8575,840.0,dukascopy_sample
NZDJPY,17,0.8927,840.0,dukascopy_sample
NZDJPY,18,0.9103,840.0,dukascopy_sample
NZDJPY,19,0.9543,840.0,dukascopy_sample
NZDJPY,20,1.0212,833.0,dukascopy_sample
NZDJPY,21,3.0078,811.0,dukascopy_sample
NZDJPY,22,1.2847,830.0,dukascopy_sample
NZDJPY,23,0.9748,838.0,dukascopy_sample
NZDJPY,24,0.9191,840.0,dukascopy_sample
NZDJPY,25,0.9191,840.0,dukascopy_sample
NZDJPY,26,0.8795,840.0,dukascopy_sample
NZDJPY,27,0.8575,840.0,dukascopy_sample
NZDJPY,28,0.8575,840.0,dukascopy_sample
NZDJPY,29,0.8578,839.0,dukascopy_sample
NZDJPY,30,0.8355,840.0,dukascopy_sample
NZDJPY,31,0.8531,840.0,dukascopy_sample
NZDJPY,32,0.8135,840.0,dukascopy_sample
NZDJPY,33,0.8135,840.0,dukascopy_sample
NZDJPY,34,0.8355,840.0,dukascopy_sample
NZDJPY,35,0.8355,840.0,dukascopy_sample
NZDJPY,36,0.8355,840.0,dukascopy_sample
NZDJPY,37,0.8355,840.0,dukascopy_sample
NZDJPY,38,0.8135,840.0,dukascopy_sample
NZDJPY,39,0.8355,840.0,dukascopy_sample
NZDJPY,40,0.8575,840.0,dukascopy_sample
NZDJPY,41,0.8751,840.0,dukascopy_sample
NZDJPY,42,0.8751,840.0,dukascopy_sample
NZDJPY,43,0.9103,840.0,dukascopy_sample
NZDJPY,44,1.0567,834.0,dukascopy_sample
NZDJPY,45,2.9822,816.0,dukascopy_sample
NZDJPY,46,1.2795,830.0,dukascopy_sample
NZDJPY,47,0.9644,836.0,dukascopy_sample
NZDJPY,48,0.9015,840.0,dukascopy_sample
NZDJPY,49,0.9191,840.0,dukascopy_sample
NZDJPY,50,0.9191,840.0,dukascopy_sample
NZDJPY,51,0.8795,840.0,dukascopy_sample
NZDJPY,52,0.8828,722.0,dukascopy_sample
NZDJPY,53,0.8619,720.0,dukascopy_sample
NZDJPY,54,0.8209,720.0,dukascopy_sample
NZDJPY,55,0.8209,720.0,dukascopy_sample
NZDJPY,56,0.8004,720.0,dukascopy_sample
NZDJPY,57,0.8004,720.0,dukascopy_sample
NZDJPY,58,0.8209,720.0,dukascopy_sample
NZDJPY,59,0.8004,720.0,dukascopy_sample
NZDJPY,60,0.8209,720.0,dukascopy_sample
NZDJPY,61,0.8311,720.0,dukascopy_sample
NZDJPY,62,0.8209,720.0,dukascopy_sample
NZDJPY,63,0.8414,720.0,dukascopy_sample
NZDJPY,64,0.8421,717.0,dukascopy_sample
NZDJPY,65,0.8632,715.0,dukascopy_sample
NZDJPY,66,1.0063,714.0,dukascopy_sample
NZDJPY,67,1.0057,719.0,dukascopy_sample
NZDJPY,68,1.1192,716.0,dukascopy_sample
NZDJPY,69,3.1332,700.0,dukascopy_sample
NZDJPY,70,1.2518,720.0,dukascopy_sample
NZDJPY,71,0.9645,720.0,dukascopy_sample
NZDJPY,72,0.8824,720.0,dukascopy_sample
NZDJPY,73,0.903,720.0,dukascopy_sample
NZDJPY,74,0.8619,720.0,dukascopy_sample
NZDJPY,75,0.8619,720.0,dukascopy_sample
NZDJPY,76,0.8824,720.0,dukascopy_sample
NZDJPY,77,0.903,720.0,dukascopy_sample
NZDJPY,78,0.8517,720.0,dukascopy_sample
NZDJPY,79,0.8209,720.0,dukascopy_sample
NZDJPY,80,0.8209,720.0,dukascopy_sample
NZDJPY,81,0.8004,720.0,dukascopy_sample
NZDJPY,82,0.8311,720.0,dukascopy_sample
NZDJPY,83,0.8209,720.0,dukascopy_sample
NZDJPY,84,0.8209,720.0,dukascopy_sample
NZDJPY,85,0.8209,720.0,dukascopy_sample
NZDJPY,86,0.8209,720.0,dukascopy_sample
NZDJPY,87,0.8209,720.0,dukascopy_sample
NZDJPY,88,0.8517,720.0,dukascopy_sample
NZDJPY,89,0.8817,719.0,dukascopy_sample
NZDJPY,90,0.8619,720.0,dukascopy_sample
NZDJPY,91,0.9235,720.0,dukascopy_sample
NZDJPY,92,1.0886,717.0,dukascopy_sample
NZDJPY,93,3.1584,685.0,dukascopy_sample
NZDJPY,94,1.3162,714.0,dukascopy_sample
NZDJPY,95,0.9645,720.0,dukascopy_sample
NZDJPY,96,0.903,720.0,dukascopy_sample
NZDJPY,97,0.8824,720.0,dukascopy_sample
NZDJPY,98,0.8824,720.0,dukascopy_sample
NZDJPY,99,0.903,720.0,dukascopy_sample
NZDJPY,100,0.8619,720.0,dukascopy_sample
NZDJPY,101,0.8619,720.0,dukascopy_sample
NZDJPY,102,0.8414,720.0,dukascopy_sample
NZDJPY,103,0.8209,720.0,dukascopy_sample
NZDJPY,104,0.8414,720.0,dukascopy_sample
NZDJPY,105,0.8004,720.0,dukascopy_sample
NZDJPY,106,0.8209,720.0,dukascopy_sample
NZDJPY,107,0.8004,720.0,dukascopy_sample
NZDJPY,108,0.8209,720.0,dukascopy_sample
NZDJPY,109,0.8209,720.0,dukascopy_sample
NZDJPY,110,0.8004,720.0,dukascopy_sample
NZDJPY,111,0.8414,720.0,dukascopy_sample
NZDJPY,112,0.8209,720.0,dukascopy_sample
NZDJPY,113,0.8824,720.0,dukascopy_sample
NZDJPY,114,0.8824,720.0,dukascopy_sample
NZDJPY,115,0.9237,719.0,dukascopy_sample
NZDJPY,116,1.2425,718.0,dukascopy_sample
NZDJPY,165,5.4227,739.0,dukascopy_sample
NZDJPY,166,1.5391,780.0,dukascopy_sample
NZDJPY,167,0.9803,780.0,dukascopy_sample
NZDUSD,0,0.9992,780.0,dukascopy_sample
NZDUSD,1,0.9437,780.0,dukascopy_sample
NZDUSD,2,0.9198,777.0,dukascopy_sample
NZDUSD,3,0.9193,779.0,dukascopy_sample
NZDUSD,4,0.9233,835.0,dukascopy_sample
NZDUSD,5,0.9224,839.0,dukascopy_sample
NZDUSD,6,0.9164,840.0,dukascopy_sample
NZDUSD,7,0.9164,840.0,dukascopy_sample
NZDUSD,8,0.8935,840.0,dukascopy_sample
NZDUSD,9,0.8878,840.0,dukascopy_sample
NZDUSD,10,0.8878,840.0,dukascopy_sample
NZDUSD,11,0.8649,840.0,dukascopy_sample
NZDUSD,12,0.8591,840.0,dukascopy_sample
NZDUSD,13,0.8591,840.0,dukascopy_sample
NZDUSD,14,0.9164,840.0,dukascopy_sample
NZDUSD,15,0.8935,840.0,dukascopy_sample
NZDUSD,16,0.8878,840.0,dukascopy_sample
NZDUSD,17,0.8878,840.0,dukascopy_sample
NZDUSD,18,0.9164,840.0,dukascopy_sample
NZDUSD,19,0.9163,839.0,dukascopy_sample
NZDUSD,20,1.0371,818.0,dukascopy_sample
NZDUSD,21,2.4304,813.0,dukascopy_sample
NZDUSD,22,1.3216,820.0,dukascopy_sample
NZDUSD,23,1.0032,835.0,dukascopy_sample
NZDUSD,24,0.9221,840.0,dukascopy_sample
NZDUSD,25,0.9508,840.0,dukascopy_sample
NZDUSD,26,0.9221,840.0,dukascopy_sample
NZDUSD,27,0.9224,839.0,dukascopy_sample
NZDUSD,28,0.9454,838.0,dukascopy_sample
NZDUSD,29,0.8947,834.0,dukascopy_sample
NZDUSD,30,0.8649,840.0,dukascopy_sample
NZDUSD,31,0.8878,840.0,dukascopy_sample
NZDUSD,32,0.8362,840.0,dukascopy_sample
NZDUSD,33,0.8591,840.0,dukascopy_sample
NZDUSD,34,0.8935,840.0,dukascopy_sample
NZDUSD,35,0.8935,840.0,dukascopy_sample
NZDUSD,36,0.8878,840.0,dukascopy_sample
NZDUSD,37,0.8878,840.0,dukascopy_sample
NZDUSD,38,0.8935,840.0,dukascopy_sample
NZDUSD,39,0.8649,840.0,dukascopy_sample
NZDUSD,40,0.9164,840.0,dukascopy_sample
NZDUSD,41,0.8878,840.0,dukascopy_sample
NZDUSD,42,0.9164,836.0,dukascopy_sample
NZDUSD,43,0.9164,840.0,dukascopy_sample
NZDUSD,44,1.0067,822.0,dukascopy_sample
NZDUSD,45,2.4455,816.0,dukascopy_sample
NZDUSD,46,1.2934,796.0,dukascopy_sample
NZDUSD,47,1.0073,818.0,dukascopy_sample
NZDUSD,48,0.9794,840.0,dukascopy_sample
NZDUSD,49,0.9737,840.0,dukascopy_sample
NZDUSD,50,0.9221,840.0,dukascopy_sample
NZDUSD,51,0.9224,839.0,dukascopy_sample
NZDUSD,52,0.9101,718.0,dukascopy_sample
NZDUSD,53,0.9221,720.0,dukascopy_sample
NZDUSD,54,0.882,720.0,dukascopy_sample
NZDUSD,55,0.9088,720.0,dukascopy_sample
NZDUSD,56,0.9088,720.0,dukascopy_sample
NZDUSD,57,0.8555,719.0,dukascopy_sample
NZDUSD,58,0.882,720.0,dukascopy_sample
NZDUSD,59,0.9088,720.0,dukascopy_sample
NZDUSD,60,0.882,720.0,dukascopy_sample
NZDUSD,61,0.882,720.0,dukascopy_sample
NZDUSD,62,0.882,720.0,dukascopy_sample
NZDUSD,63,0.8954,720.0,dukascopy_sample
NZDUSD,64,0.9097,714.0,dukascopy_sample
NZDUSD,65,0.9378,708.0,dukascopy_sample
NZDUSD,66,0.9385,704.0,dukascopy_sample
NZDUSD,67,0.9106,708.0,dukascopy_sample
NZDUSD,68,1.0189,703.0,dukascopy_sample
NZDUSD,69,2.294,687.0,dukascopy_sample
NZDUSD,70,1.2081,707.0,dukascopy_sample
NZDUSD,71,0.992,712.0,dukascopy_sample
NZDUSD,72,0.9088,720.0,dukascopy_sample
NZDUSD,73,0.9355,720.0,dukascopy_sample
NZDUSD,74,0.9088,720.0,dukascopy_sample
NZDUSD,75,0.9088,720.0,dukascopy_sample
NZDUSD,76,0.8825,718.0,dukascopy_sample
NZDUSD,77,0.8823,719.0,dukascopy_sample
NZDUSD,78,0.8954,720.0,dukascopy_sample
NZDUSD,79,0.882,720.0,dukascopy_sample
NZDUSD,80,0.8553,720.0,dukascopy_sample
NZDUSD,81,0.882,720.0,dukascopy_sample
NZDUSD,82,0.882,720.0,dukascopy_sample
NZDUSD,83,0.8555,719.0,dukascopy_sample
NZDUSD,84,0.9221,720.0,dukascopy_sample
NZDUSD,85,0.8553,720.0,dukascopy_sample
NZDUSD,86,0.9088,720.0,dukascopy_sample
NZDUSD,87,0.9088,720.0,dukascopy_sample
NZDUSD,88,0.882,719.0,dukascopy_sample
NZDUSD,89,0.9088,720.0,dukascopy_sample
NZDUSD,90,0.9355,720.0,dukascopy_sample
NZDUSD,91,0.9361,717.0,dukascopy_sample
NZDUSD,92,0.9921,706.0,dukascopy_sample
NZDUSD,93,2.4834,692.0,dukascopy_sample
NZDUSD,94,1.2937,695.0,dukascopy_sample
NZDUSD,95,1.0184,711.0,dukascopy_sample
NZDUSD,96,0.9353,719.0,dukascopy_sample
NZDUSD,97,0.9355,720.0,dukascopy_sample
NZDUSD,98,0.9088,720.0,dukascopy_sample
NZDUSD,99,0.9358,719.0,dukascopy_sample
NZDUSD,100,0.8825,718.0,dukascopy_sample
NZDUSD,101,0.882,720.0,dukascopy_sample
NZDUSD,102,0.9088,720.0,dukascopy_sample
NZDUSD,103,0.882,720.0,dukascopy_sample
NZDUSD,104,0.8553,720.0,dukascopy_sample
NZDUSD,105,0.8553,720.0,dukascopy_sample
NZDUSD,106,0.882,720.0,dukascopy_sample
NZDUSD,107,0.8553,720.0,dukascopy_sample
NZDUSD,108,0.9088,720.0,dukascopy_sample
NZDUSD,109,0.8553,720.0,dukascopy_sample
NZDUSD,110,0.882,720.0,dukascopy_sample
NZDUSD,111,0.8954,720.0,dukascopy_sample
NZDUSD,112,0.882,720.0,dukascopy_sample
NZDUSD,113,0.9088,720.0,dukascopy_sample
NZDUSD,114,0.882,720.0,dukascopy_sample
NZDUSD,115,0.9623,719.0,dukascopy_sample
NZDUSD,116,1.1783,711.0,dukascopy_sample
NZDUSD,165,3.7265,735.0,dukascopy_sample
NZDUSD,166,1.308,770.0,dukascopy_sample
NZDUSD,167,1.0498,776.0,dukascopy_sample
USDCAD,0,1.1098,49263.0,local_quotes_full_history
USDCAD,1,1.096,49352.0,local_quotes_full_history
USDCAD,2,1.0941,49199.0,local_quotes_full_history
USDCAD,3,1.0938,49190.0,local_quotes_full_history
USDCAD,4,1.0897,49047.0,local_quotes_full_history
USDCAD,5,1.0413,49272.0,local_quotes_full_history
USDCAD,6,0.9601,49758.0,local_quotes_full_history
USDCAD,7,0.7785,50017.0,local_quotes_full_history
USDCAD,8,0.691,50003.0,local_quotes_full_history
USDCAD,9,0.7212,50003.0,local_quotes_full_history
USDCAD,10,0.7822,50082.0,local_quotes_full_history
USDCAD,11,0.783,50143.0,local_quotes_full_history
USDCAD,12,0.6959,50253.0,local_quotes_full_history
USDCAD,13,0.6178,50342.0,local_quotes_full_history
USDCAD,14,0.6097,50528.0,local_quotes_full_history
USDCAD,15,0.6498,50555.0,local_quotes_full_history
USDCAD,16,0.73,50577.0,local_quotes_full_history
USDCAD,17,0.8074,50315.0,local_quotes_full_history
USDCAD,18,0.8716,50321.0,local_quotes_full_history
USDCAD,19,0.8777,50129.0,local_quotes_full_history
USDCAD,20,0.9756,49954.0,local_quotes_full_history
USDCAD,21,2.7811,47896.0,local_quotes_full_history
USDCAD,22,2.3614,48613.0,local_quotes_full_history
USDCAD,23,1.371,49573.0,local_quotes_full_history
USDCAD,24,1.0296,49923.0,local_quotes_full_history
USDCAD,25,1.0208,49937.0,local_quotes_full_history
USDCAD,26,1.0257,49660.0,local_quotes_full_history
USDCAD,27,1.03,49660.0,local_quotes_full_history
USDCAD,28,1.0254,49710.0,local_quotes_full_history
USDCAD,29,0.9986,49970.0,local_quotes_full_history
USDCAD,30,0.9475,50274.0,local_quotes_full_history
USDCAD,31,0.7184,50387.0,local_quotes_full_history
USDCAD,32,0.6328,50293.0,local_quotes_full_history
USDCAD,33,0.6834,50128.0,local_quotes_full_history
USDCAD,34,0.7129,50135.0,local_quotes_full_history
USDCAD,35,0.719,50176.0,local_quotes_full_history
USDCAD,36,0.6513,50170.0,local_quotes_full_history
USDCAD,37,0.6055,50230.0,local_quotes_full_history
USDCAD,38,0.5772,50401.0,local_quotes_full_history
USDCAD,39,0.5963,50526.0,local_quotes_full_history
USDCAD,40,0.6614,50555.0,local_quotes_full_history
USDCAD,41,0.7297,50414.0,local_quotes_full_history
USDCAD,42,0.7291,50410.0,local_quotes_full_history
USDCAD,43,0.7787,50293.0,local_quotes_full_history
USDCAD,44,0.9541,50222.0,local_quotes_full_history
USDCAD,45,2.6775,48499.0,local_quotes_full_history
USDCAD,46,2.3408,48838.0,local_quotes_full_history
USDCAD,47,1.3703,49529.0,local_quotes_full_history
USDCAD,48,1.0344,49679.0,local_quotes_full_history
USDCAD,49,1.0237,49677.0,local_quotes_full_history
USDCAD,50,1.0292,49615.0,local_quotes_full_history
USDCAD,51,1.0332,49495.0,local_quotes_full_history
USDCAD,52,1.0376,49316.0,local_quotes_full_history
USDCAD,53,1.0104,49710.0,local_quotes_full_history
USDCAD,54,0.9483,50057.0,local_quotes_full_history
USDCAD,55,0.7341,50208.0,local_quotes_full_history
USDCAD,56,0.6481,50095.0,local_quotes_full_history
USDCAD,57,0.686,50055.0,local_quotes_full_history
USDCAD,58,0.757,50029.0,local_quotes_full_history
USDCAD,59,0.735,50098.0,local_quotes_full_history
USDCAD,60,0.6884,50228.0,local_quotes_full_history
USDCAD,61,0.5983,50422.0,local_quotes_full_history
USDCAD,62,0.6186,50442.0,local_quotes_full_history
USDCAD,63,0.6199,50414.0,local_quotes_full_history
USDCAD,64,0.6474,50395.0,local_quotes_full_history
USDCAD,65,0.7581,50371.0,local_quotes_full_history
USDCAD,66,0.8082,50372.0,local_quotes_full_history
USDCAD,67,0.7893,50231.0,local_quotes_full_history
USDCAD,68,0.9546,50114.0,local_quotes_full_history
USDCAD,69,2.7234,48587.0,local_quotes_full_history
USDCAD,70,2.349,48789.0,local_quotes_full_history
USDCAD,71,1.3553,49516.0,local_quotes_full_history
USDCAD,72,1.0241,49707.0,local_quotes_full_history
USDCAD,73,1.0123,49610.0,local_quotes_full_history
USDCAD,74,1.0087,49539.0,local_quotes_full_history
USDCAD,75,1.0162,49479.0,local_quotes_full_history
USDCAD,76,1.0198,49178.0,local_quotes_full_history
USDCAD,77,0.9852,49712.0,local_quotes_full_history
USDCAD,78,0.9383,49739.0,local_quotes_full_history
USDCAD,79,0.6997,50056.0,local_quotes_full_history
USDCAD,80,0.6399,50004.0,local_quotes_full_history
USDCAD,81,0.6774,49978.0,local_quotes_full_history
USDCAD,82,0.7103,49957.0,local_quotes_full_history
USDCAD,83,0.7107,49963.0,local_quotes_full_history
USDCAD,84,0.7192,50019.0,local_quotes_full_history
USDCAD,85,0.6478,50177.0,local_quotes_full_history
USDCAD,86,0.5913,50098.0,local_quotes_full_history
USDCAD,87,0.6182,50244.0,local_quotes_full_history
USDCAD,88,0.6993,50306.0,local_quotes_full_history
USDCAD,89,0.7527,50228.0,local_quotes_full_history
USDCAD,90,0.7844,50161.0,local_quotes_full_history
USDCAD,91,0.7899,50037.0,local_quotes_full_history
USDCAD,92,0.9578,49998.0,local_quotes_full_history
USDCAD,93,2.8002,48213.0,local_quotes_full_history
USDCAD,94,2.3508,48427.0,local_quotes_full_history
USDCAD,95,1.3707,49493.0,local_quotes_full_history
USDCAD,96,1.0559,49882.0,local_quotes_full_history
USDCAD,97,1.0247,49875.0,local_quotes_full_history
USDCAD,98,1.0356,49678.0,local_quotes_full_history
USDCAD,99,1.0623,49607.0,local_quotes_full_history
USDCAD,100,1.0443,49621.0,local_quotes_full_history
USDCAD,101,1.0172,49765.0,local_quotes_full_history
USDCAD,102,0.9542,49969.0,local_quotes_full_history
USDCAD,103,0.7837,50127.0,local_quotes_full_history
USDCAD,104,0.6895,50147.0,local_quotes_full_history
USDCAD,105,0.7252,50069.0,local_quotes_full_history
USDCAD,106,0.7871,50111.0,local_quotes_full_history
USDCAD,107,0.7858,50130.0,local_quotes_full_history
USDCAD,108,0.7861,50189.0,local_quotes_full_history
USDCAD,109,0.7109,50219.0,local_quotes_full_history
USDCAD,110,0.6443,50276.0,local_quotes_full_history
USDCAD,111,0.6471,50414.0,local_quotes_full_history
USDCAD,112,0.7203,50326.0,local_quotes_full_history
USDCAD,113,0.7853,49790.0,local_quotes_full_history
USDCAD,114,0.7996,49827.0,local_quotes_full_history
USDCAD,115,0.8553,49737.0,local_quotes_full_history
USDCAD,116,0.9722,45879.0,local_quotes_full_history
USDCAD,117,1.2388,16115.0,local_quotes_full_history
USDCAD,118,3.7231,255.0,local_quotes_full_history
USDCAD,161,4.5569,279.0,local_quotes_full_history
USDCAD,162,1.5953,814.0,local_quotes_full_history
USDCAD,163,7.8162,1788.0,local_quotes_full_history
USDCAD,164,8.6803,3228.0,local_quotes_full_history
USDCAD,165,5.1416,25136.0,local_quotes_full_history
USDCAD,166,2.4982,46099.0,local_quotes_full_history
USDCAD,167,1.3713,48739.0,local_quotes_full_history
USDCHF,0,0.9465,779.0,dukascopy_sample
USDCHF,1,0.8421,778.0,dukascopy_sample
USDCHF,2,0.8666,777.0,dukascopy_sample
USDCHF,3,0.8678,772.0,dukascopy_sample
USDCHF,4,0.9016,829.0,dukascopy_sample
USDCHF,5,0.9558,834.0,dukascopy_sample
USDCHF,6,0.8737,840.0,dukascopy_sample
USDCHF,7,0.8737,840.0,dukascopy_sample
USDCHF,8,0.8162,840.0,dukascopy_sample
USDCHF,9,0.8449,840.0,dukascopy_sample
USDCHF,10,0.8449,840.0,dukascopy_sample
USDCHF,11,0.8162,840.0,dukascopy_sample
USDCHF,12,0.8162,840.0,dukascopy_sample
USDCHF,13,0.8162,840.0,dukascopy_sample
USDCHF,14,0.8162,840.0,dukascopy_sample
USDCHF,15,0.8162,840.0,dukascopy_sample
USDCHF,16,0.8449,840.0,dukascopy_sample
USDCHF,17,0.8449,840.0,dukascopy_sample
USDCHF,18,0.8452,839.0,dukascopy_sample
USDCHF,19,0.8453,838.0,dukascopy_sample
USDCHF,20,0.9918,812.0,dukascopy_sample
USDCHF,21,2.6465,813.0,dukascopy_sample
USDCHF,22,1.351,791.0,dukascopy_sample
USDCHF,23,1.0071,807.0,dukascopy_sample
USDCHF,24,0.9019,839.0,dukascopy_sample
USDCHF,25,0.9304,837.0,dukascopy_sample
USDCHF,26,0.9029,835.0,dukascopy_sample
USDCHF,27,0.9345,828.0,dukascopy_sample
USDCHF,28,0.9314,831.0,dukascopy_sample
USDCHF,29,0.903,838.0,dukascopy_sample
USDCHF,30,0.8449,840.0,dukascopy_sample
USDCHF,31,0.8449,840.0,dukascopy_sample
USDCHF,32,0.8162,840.0,dukascopy_sample
USDCHF,33,0.8449,840.0,dukascopy_sample
USDCHF,34,0.8162,840.0,dukascopy_sample
USDCHF,35,0.8162,840.0,dukascopy_sample
USDCHF,36,0.8162,840.0,dukascopy_sample
USDCHF,37,0.8162,840.0,dukascopy_sample
USDCHF,38,0.8162,840.0,dukascopy_sample
USDCHF,39,0.8162,840.0,dukascopy_sample
USDCHF,40,0.8449,840.0,dukascopy_sample
USDCHF,41,0.8449,840.0,dukascopy_sample
USDCHF,42,0.8455,837.0,dukascopy_sample
USDCHF,43,0.8449,840.0,dukascopy_sample
USDCHF,44,0.9927,804.0,dukascopy_sample
USDCHF,45,3.2044,790.0,dukascopy_sample
USDCHF,46,1.4117,781.0,dukascopy_sample
USDCHF,47,1.0446,794.0,dukascopy_sample
USDCHF,48,0.9314,837.0,dukascopy_sample
USDCHF,49,0.9016,834.0,dukascopy_sample
USDCHF,50,0.902,836.0,dukascopy_sample
USDCHF,51,0.846,828.0,dukascopy_sample
USDCHF,52,0.86,709.0,dukascopy_sample
USDCHF,53,0.8321,717.0,dukascopy_sample
USDCHF,54,0.8049,719.0,dukascopy_sample
USDCHF,55,0.8047,720.0,dukascopy_sample
USDCHF,56,0.8047,720.0,dukascopy_sample
USDCHF,57,0.7779,720.0,dukascopy_sample
USDCHF,58,0.8047,720.0,dukascopy_sample
USDCHF,59,0.8047,720.0,dukascopy_sample
USDCHF,60,0.8047,720.0,dukascopy_sample
USDCHF,61,0.8047,720.0,dukascopy_sample
USDCHF,62,0.8047,720.0,dukascopy_sample
USDCHF,63,0.8049,719.0,dukascopy_sample
USDCHF,64,0.8056,716.0,dukascopy_sample
USDCHF,65,0.8072,709.0,dukascopy_sample
USDCHF,66,0.8628,697.0,dukascopy_sample
USDCHF,67,0.863,702.0,dukascopy_sample
USDCHF,68,1.0004,698.0,dukascopy_sample
USDCHF,69,2.9748,681.0,dukascopy_sample
USDCHF,70,1.3732,696.0,dukascopy_sample
USDCHF,71,0.9923,706.0,dukascopy_sample
USDCHF,72,0.9114,716.0,dukascopy_sample
USDCHF,73,0.8315,720.0,dukascopy_sample
USDCHF,74,0.8313,717.0,dukascopy_sample
USDCHF,75,0.8058,712.0,dukascopy_sample
USDCHF,76,0.8592,710.0,dukascopy_sample
USDCHF,77,0.8058,712.0,dukascopy_sample
USDCHF,78,0.8047,720.0,dukascopy_sample
USDCHF,79,0.8047,720.0,dukascopy_sample
USDCHF,80,0.8047,720.0,dukascopy_sample
USDCHF,81,0.8047,720.0,dukascopy_sample
USDCHF,82,0.8047,720.0,dukascopy_sample
USDCHF,83,0.8047,720.0,dukascopy_sample
USDCHF,84,0.8047,720.0,dukascopy_sample
USDCHF,85,0.8047,720.0,dukascopy_sample
USDCHF,86,0.8047,720.0,dukascopy_sample
USDCHF,87,0.7779,720.0,dukascopy_sample
USDCHF,88,0.8047,720.0,dukascopy_sample
USDCHF,89,0.8315,720.0,dukascopy_sample
USDCHF,90,0.8317,719.0,dukascopy_sample
USDCHF,91,0.8317,719.0,dukascopy_sample
USDCHF,92,0.9683,709.0,dukascopy_sample
USDCHF,93,2.771,692.0,dukascopy_sample
USDCHF,94,1.51,698.0,dukascopy_sample
USDCHF,95,1.0426,696.0,dukascopy_sample
USDCHF,96,0.8319,718.0,dukascopy_sample
USDCHF,97,0.8858,716.0,dukascopy_sample
USDCHF,98,0.8314,717.0,dukascopy_sample
USDCHF,99,0.859,714.0,dukascopy_sample
USDCHF,100,0.8343,698.0,dukascopy_sample
USDCHF,101,0.8057,715.0,dukascopy_sample
USDCHF,102,0.8047,720.0,dukascopy_sample
USDCHF,103,0.8047,720.0,dukascopy_sample
USDCHF,104,0.8047,720.0,dukascopy_sample
USDCHF,105,0.8047,720.0,dukascopy_sample
USDCHF,106,0.8047,720.0,dukascopy_sample
USDCHF,107,0.8047,720.0,dukascopy_sample
USDCHF,108,0.8047,720.0,dukascopy_sample
USDCHF,109,0.8047,720.0,dukascopy_sample
USDCHF,110,0.7779,720.0,dukascopy_sample
USDCHF,111,0.8181,720.0,dukascopy_sample
USDCHF,112,0.8583,720.0,dukascopy_sample
USDCHF,113,0.8583,720.0,dukascopy_sample
USDCHF,114,0.8587,718.0,dukascopy_sample
USDCHF,115,0.8574,718.0,dukascopy_sample
USDCHF,116,1.2095,715.0,dukascopy_sample
USDCHF,165,7.8392,715.0,dukascopy_sample
USDCHF,166,1.5447,760.0,dukascopy_sample
USDCHF,167,1.0514,767.0,dukascopy_sample
USDCNH,0,1.0605,778.0,dukascopy_sample
USDCNH,1,0.6887,778.0,dukascopy_sample
USDCNH,2,0.5843,773.0,dukascopy_sample
USDCNH,3,0.589,779.0,dukascopy_sample
USDCNH,4,0.6015,839.0,dukascopy_sample
USDCNH,5,0.5905,838.0,dukascopy_sample
USDCNH,6,0.5688,839.0,dukascopy_sample
USDCNH,7,0.5987,839.0,dukascopy_sample
USDCNH,8,0.6152,840.0,dukascopy_sample
USDCNH,9,0.6234,840.0,dukascopy_sample
USDCNH,10,0.6575,840.0,dukascopy_sample
USDCNH,11,0.7202,840.0,dukascopy_sample
USDCNH,12,0.7325,840.0,dukascopy_sample
USDCNH,13,0.7325,840.0,dukascopy_sample
USDCNH,14,0.7414,840.0,dukascopy_sample
USDCNH,15,0.7612,840.0,dukascopy_sample
USDCNH,16,0.8935,840.0,dukascopy_sample
USDCNH,17,0.9179,833.0,dukascopy_sample
USDCNH,18,0.9441,833.0,dukascopy_sample
USDCNH,19,0.9444,834.0,dukascopy_sample
USDCNH,20,1.1971,824.0,dukascopy_sample
USDCNH,21,3.7516,588.0,dukascopy_sample
USDCNH,22,2.953,708.0,dukascopy_sample
USDCNH,23,1.9047,771.0,dukascopy_sample
USDCNH,24,0.9506,834.0,dukascopy_sample
USDCNH,25,0.7002,838.0,dukascopy_sample
USDCNH,26,0.5782,838.0,dukascopy_sample
USDCNH,27,0.5374,838.0,dukascopy_sample
USDCNH,28,0.5829,831.0,dukascopy_sample
USDCNH,29,0.5782,838.0,dukascopy_sample
USDCNH,30,0.5387,838.0,dukascopy_sample
USDCNH,31,0.5334,840.0,dukascopy_sample
USDCNH,32,0.5443,840.0,dukascopy_sample
USDCNH,33,0.5722,840.0,dukascopy_sample
USDCNH,34,0.6166,840.0,dukascopy_sample
USDCNH,35,0.696,838.0,dukascopy_sample
USDCNH,36,0.682,840.0,dukascopy_sample
USDCNH,37,0.6711,840.0,dukascopy_sample
USDCNH,38,0.6901,839.0,dukascopy_sample
USDCNH,39,0.7581,839.0,dukascopy_sample
USDCNH,40,0.832,836.0,dukascopy_sample
USDCNH,41,0.8542,832.0,dukascopy_sample
USDCNH,42,0.8774,835.0,dukascopy_sample
USDCNH,43,0.9012,838.0,dukascopy_sample
USDCNH,44,1.1648,826.0,dukascopy_sample
USDCNH,45,4.3366,711.0,dukascopy_sample
USDCNH,46,3.16,770.0,dukascopy_sample
USDCNH,47,1.8545,781.0,dukascopy_sample
USDCNH,48,1.038,832.0,dukascopy_sample
USDCNH,49,0.6731,838.0,dukascopy_sample
USDCNH,50,0.5429,837.0,dukascopy_sample
USDCNH,51,0.5441,835.0,dukascopy_sample
USDCNH,52,0.5789,719.0,dukascopy_sample
USDCNH,53,0.5856,719.0,dukascopy_sample
USDCNH,54,0.5411,719.0,dukascopy_sample
USDCNH,55,0.5284,720.0,dukascopy_sample
USDCNH,56,0.5474,720.0,dukascopy_sample
USDCNH,57,0.5697,720.0,dukascopy_sample
USDCNH,58,0.6429,720.0,dukascopy_sample
USDCNH,59,0.7064,719.0,dukascopy_sample
USDCNH,60,0.7193,720.0,dukascopy_sample
USDCNH,61,0.6939,720.0,dukascopy_sample
USDCNH,62,0.7225,720.0,dukascopy_sample
USDCNH,63,0.802,719.0,dukascopy_sample
USDCNH,64,0.853,720.0,dukascopy_sample
USDCNH,65,0.8967,718.0,dukascopy_sample
USDCNH,66,0.9811,708.0,dukascopy_sample
USDCNH,67,0.9567,716.0,dukascopy_sample
USDCNH,68,1.2632,709.0,dukascopy_sample
USDCNH,69,4.1178,460.0,dukascopy_sample
USDCNH,70,3.9089,618.0,dukascopy_sample
USDCNH,71,2.3792,660.0,dukascopy_sample
USDCNH,72,1.0188,718.0,dukascopy_sample
USDCNH,73,0.7066,719.0,dukascopy_sample
USDCNH,74,0.5411,720.0,dukascopy_sample
USDCNH,75,0.5411,719.0,dukascopy_sample
USDCNH,76,0.5852,713.0,dukascopy_sample
USDCNH,77,0.5726,716.0,dukascopy_sample
USDCNH,78,0.5474,720.0,dukascopy_sample
USDCNH,79,0.5474,720.0,dukascopy_sample
USDCNH,80,0.5665,720.0,dukascopy_sample
USDCNH,81,0.5983,719.0,dukascopy_sample
USDCNH,82,0.6491,719.0,dukascopy_sample
USDCNH,83,0.7384,720.0,dukascopy_sample
USDCNH,84,0.6842,719.0,dukascopy_sample
USDCNH,85,0.7287,719.0,dukascopy_sample
USDCNH,86,0.7193,720.0,dukascopy_sample
USDCNH,87,0.7543,720.0,dukascopy_sample
USDCNH,88,0.8583,717.0,dukascopy_sample
USDCNH,89,0.8838,717.0,dukascopy_sample
USDCNH,90,0.8823,713.0,dukascopy_sample
USDCNH,91,0.9151,715.0,dukascopy_sample
USDCNH,92,1.2339,703.0,dukascopy_sample
USDCNH,93,4.0088,510.0,dukascopy_sample
USDCNH,94,2.9855,669.0,dukascopy_sample
USDCNH,95,2.6151,704.0,dukascopy_sample
USDCNH,96,1.0201,712.0,dukascopy_sample
USDCNH,97,0.6365,719.0,dukascopy_sample
USDCNH,98,0.5411,716.0,dukascopy_sample
USDCNH,99,0.5474,719.0,dukascopy_sample
USDCNH,100,0.5912,715.0,dukascopy_sample
USDCNH,101,0.5917,718.0,dukascopy_sample
USDCNH,102,0.5602,720.0,dukascopy_sample
USDCNH,103,0.5793,720.0,dukascopy_sample
USDCNH,104,0.5793,720.0,dukascopy_sample
USDCNH,105,0.6427,718.0,dukascopy_sample
USDCNH,106,0.6684,720.0,dukascopy_sample
USDCNH,107,0.7323,719.0,dukascopy_sample
USDCNH,108,0.7127,719.0,dukascopy_sample
USDCNH,109,0.7352,720.0,dukascopy_sample
USDCNH,110,0.7448,720.0,dukascopy_sample
USDCNH,111,0.7639,720.0,dukascopy_sample
USDCNH,112,0.846,718.0,dukascopy_sample
USDCNH,113,0.8964,715.0,dukascopy_sample
USDCNH,114,0.9423,714.0,dukascopy_sample
USDCNH,115,1.0623,718.0,dukascopy_sample
USDCNH,116,1.5942,704.0,dukascopy_sample
USDCNH,165,5.3194,490.0,dukascopy_sample
USDCNH,166,3.535,652.0,dukascopy_sample
USDCNH,167,2.4894,724.0,dukascopy_sample
USDHUF,0,1.536,540.0,dukascopy_sample
USDHUF,1,1.3666,540.0,dukascopy_sample
USDHUF,2,1.3487,539.0,dukascopy_sample
USDHUF,3,1.3463,538.0,dukascopy_sample
USDHUF,4,1.2463,535.0,dukascopy_sample
USDHUF,5,1.2554,659.0,dukascopy_sample
USDHUF,6,0.9546,792.0,dukascopy_sample
USDHUF,7,0.6637,840.0,dukascopy_sample
USDHUF,8,0.654,840.0,dukascopy_sample
USDHUF,9,0.6183,839.0,dukascopy_sample
USDHUF,10,0.6268,840.0,dukascopy_sample
USDHUF,11,0.6411,838.0,dukascopy_sample
USDHUF,12,0.6465,840.0,dukascopy_sample
USDHUF,13,0.6341,838.0,dukascopy_sample
USDHUF,14,0.6343,839.0,dukascopy_sample
USDHUF,15,0.6285,835.0,dukascopy_sample
USDHUF,16,0.9215,801.0,dukascopy_sample
USDHUF,17,0.9715,805.0,dukascopy_sample
USDHUF,18,1.0586,722.0,dukascopy_sample
USDHUF,19,1.0304,702.0,dukascopy_sample
USDHUF,20,1.8546,108.0,dukascopy_sample
USDHUF,22,2.1772,513.0,dukascopy_sample
USDHUF,23,2.0783,534.0,dukascopy_sample
USDHUF,24,1.3414,540.0,dukascopy_sample
USDHUF,25,1.2218,540.0,dukascopy_sample
USDHUF,26,1.1651,538.0,dukascopy_sample
USDHUF,27,1.1612,537.0,dukascopy_sample
USDHUF,28,1.1893,535.0,dukascopy_sample
USDHUF,29,1.2091,640.0,dukascopy_sample
USDHUF,30,0.8614,812.0,dukascopy_sample
USDHUF,31,0.645,836.0,dukascopy_sample
USDHUF,32,0.631,840.0,dukascopy_sample
USDHUF,33,0.6127,839.0,dukascopy_sample
USDHUF,34,0.6266,839.0,dukascopy_sample
USDHUF,35,0.6099,839.0,dukascopy_sample
USDHUF,36,0.6357,839.0,dukascopy_sample
USDHUF,37,0.6416,840.0,dukascopy_sample
USDHUF,38,0.6184,840.0,dukascopy_sample
USDHUF,39,0.6492,782.0,dukascopy_sample
USDHUF,40,0.9477,756.0,dukascopy_sample
USDHUF,41,0.977,744.0,dukascopy_sample
USDHUF,42,1.108,781.0,dukascopy_sample
USDHUF,43,1.1585,833.0,dukascopy_sample
USDHUF,44,1.8547,171.0,dukascopy_sample
USDHUF,46,2.104,500.0,dukascopy_sample
USDHUF,47,2.5638,532.0,dukascopy_sample
USDHUF,48,1.3431,537.0,dukascopy_sample
USDHUF,49,1.3063,534.0,dukascopy_sample
USDHUF,50,1.2534,533.0,dukascopy_sample
USDHUF,51,1.2462,531.0,dukascopy_sample
USDHUF,52,1.1812,459.0,dukascopy_sample
USDHUF,53,1.2988,607.0,dukascopy_sample
USDHUF,54,0.8544,705.0,dukascopy_sample
USDHUF,55,0.6556,720.0,dukascopy_sample
USDHUF,56,0.6459,720.0,dukascopy_sample
USDHUF,57,0.6572,720.0,dukascopy_sample
USDHUF,58,0.6474,720.0,dukascopy_sample
USDHUF,59,0.5857,720.0,dukascopy_sample
USDHUF,60,0.6068,720.0,dukascopy_sample
USDHUF,61,0.5792,720.0,dukascopy_sample
USDHUF,62,0.6401,720.0,dukascopy_sample
USDHUF,63,0.6744,715.0,dukascopy_sample
USDHUF,64,1.0083,708.0,dukascopy_sample
USDHUF,65,0.9996,701.0,dukascopy_sample
USDHUF,66,1.0628,667.0,dukascopy_sample
USDHUF,67,1.1292,689.0,dukascopy_sample
USDHUF,68,1.8059,143.0,dukascopy_sample
USDHUF,70,2.2533,461.0,dukascopy_sample
USDHUF,71,2.3888,475.0,dukascopy_sample
USDHUF,72,1.3883,480.0,dukascopy_sample
USDHUF,73,1.2624,479.0,dukascopy_sample
USDHUF,74,1.2832,479.0,dukascopy_sample
USDHUF,75,1.2805,476.0,dukascopy_sample
USDHUF,76,1.2984,474.0,dukascopy_sample
USDHUF,77,1.232,636.0,dukascopy_sample
USDHUF,78,0.8653,712.0,dukascopy_sample
USDHUF,79,0.6449,719.0,dukascopy_sample
USDHUF,80,0.5995,720.0,dukascopy_sample
USDHUF,81,0.6092,720.0,dukascopy_sample
USDHUF,82,0.5767,720.0,dukascopy_sample
USDHUF,83,0.6067,719.0,dukascopy_sample
USDHUF,84,0.6572,720.0,dukascopy_sample
USDHUF,85,0.6466,720.0,dukascopy_sample
USDHUF,86,0.6,714.0,dukascopy_sample
USDHUF,87,0.6082,713.0,dukascopy_sample
USDHUF,88,0.9461,684.0,dukascopy_sample
USDHUF,89,0.9513,669.0,dukascopy_sample
USDHUF,90,1.1334,718.0,dukascopy_sample
USDHUF,91,1.1589,719.0,dukascopy_sample
USDHUF,92,2.1475,177.0,dukascopy_sample
USDHUF,94,2.4783,456.0,dukascopy_sample
USDHUF,95,2.6272,475.0,dukascopy_sample
USDHUF,96,1.3343,479.0,dukascopy_sample
USDHUF,97,1.1882,480.0,dukascopy_sample
USDHUF,98,1.1551,475.0,dukascopy_sample
USDHUF,99,1.2656,478.0,dukascopy_sample
USDHUF,100,1.1182,478.0,dukascopy_sample
USDHUF,101,1.2163,547.0,dukascopy_sample
USDHUF,102,0.7972,667.0,dukascopy_sample
USDHUF,103,0.6229,719.0,dukascopy_sample
USDHUF,104,0.6271,720.0,dukascopy_sample
USDHUF,105,0.5857,720.0,dukascopy_sample
USDHUF,106,0.6084,720.0,dukascopy_sample
USDHUF,107,0.593,720.0,dukascopy_sample
USDHUF,108,0.6515,720.0,dukascopy_sample
USDHUF,109,0.6393,720.0,dukascopy_sample
USDHUF,110,0.6434,720.0,dukascopy_sample
USDHUF,111,0.6759,714.0,dukascopy_sample
USDHUF,112,0.9966,682.0,dukascopy_sample
USDHUF,113,1.0224,674.0,dukascopy_sample
USDHUF,114,1.0668,655.0,dukascopy_sample
USDHUF,115,1.1861,646.0,dukascopy_sample
USDHUF,116,2.2451,124.0,dukascopy_sample
USDHUF,166,3.5023,519.0,dukascopy_sample
USDHUF,167,3.1382,540.0,dukascopy_sample
USDJPY,0,1.1598,49573.0,local_quotes_full_history
USDJPY,1,0.9033,49634.0,local_quotes_full_history
USDJPY,2,0.7719,49602.0,local_quotes_full_history
USDJPY,3,0.789,49704.0,local_quotes_full_history
USDJPY,4,0.8469,49585.0,local_quotes_full_history
USDJPY,5,0.8362,49810.0,local_quotes_full_history
USDJPY,6,0.788,49975.0,local_quotes_full_history
USDJPY,7,0.8853,50101.0,local_quotes_full_history
USDJPY,8,0.8816,50085.0,local_quotes_full_history
USDJPY,9,0.8886,50037.0,local_quotes_full_history
USDJPY,10,0.8951,49993.0,local_quotes_full_history
USDJPY,11,0.9011,50060.0,local_quotes_full_history
USDJPY,12,0.8924,50141.0,local_quotes_full_history
USDJPY,13,0.8715,50238.0,local_quotes_full_history
USDJPY,14,0.8509,50435.0,local_quotes_full_history
USDJPY,15,0.8704,50425.0,local_quotes_full_history
USDJPY,16,0.8957,50418.0,local_quotes_full_history
USDJPY,17,0.9403,50205.0,local_quotes_full_history
USDJPY,18,0.932,50131.0,local_quotes_full_history
USDJPY,19,0.9503,50009.0,local_quotes_full_history
USDJPY,20,1.1058,49985.0,local_quotes_full_history
USDJPY,21,2.2151,48929.0,local_quotes_full_history
USDJPY,22,1.8435,49566.0,local_quotes_full_history
USDJPY,23,1.2326,50143.0,local_quotes_full_history
USDJPY,24,0.9576,50083.0,local_quotes_full_history
USDJPY,25,0.7068,50082.0,local_quotes_full_history
USDJPY,26,0.6782,50122.0,local_quotes_full_history
USDJPY,27,0.6929,50031.0,local_quotes_full_history
USDJPY,28,0.7855,50003.0,local_quotes_full_history
USDJPY,29,0.7654,50221.0,local_quotes_full_history
USDJPY,30,0.74,50296.0,local_quotes_full_history
USDJPY,31,0.8474,50320.0,local_quotes_full_history
USDJPY,32,0.8344,50193.0,local_quotes_full_history
USDJPY,33,0.8646,50047.0,local_quotes_full_history
USDJPY,34,0.881,50048.0,local_quotes_full_history
USDJPY,35,0.8835,50076.0,local_quotes_full_history
USDJPY,36,0.8606,50095.0,local_quotes_full_history
USDJPY,37,0.827,50172.0,local_quotes_full_history
USDJPY,38,0.8216,50283.0,local_quotes_full_history
USDJPY,39,0.829,50409.0,local_quotes_full_history
USDJPY,40,0.8651,50436.0,local_quotes_full_history
USDJPY,41,0.8889,50270.0,local_quotes_full_history
USDJPY,42,0.8776,50222.0,local_quotes_full_history
USDJPY,43,0.8889,50106.0,local_quotes_full_history
USDJPY,44,1.0591,50015.0,local_quotes_full_history
USDJPY,45,2.1342,48905.0,local_quotes_full_history
USDJPY,46,1.7808,49400.0,local_quotes_full_history
USDJPY,47,1.2072,49893.0,local_quotes_full_history
USDJPY,48,0.9763,49853.0,local_quotes_full_history
USDJPY,49,0.7649,49857.0,local_quotes_full_history
USDJPY,50,0.7077,49862.0,local_quotes_full_history
USDJPY,51,0.7049,49836.0,local_quotes_full_history
USDJPY,52,0.8015,49833.0,local_quotes_full_history
USDJPY,53,0.7861,50109.0,local_quotes_full_history
USDJPY,54,0.7636,50306.0,local_quotes_full_history
USDJPY,55,0.8489,50328.0,local_quotes_full_history
USDJPY,56,0.8457,50189.0,local_quotes_full_history
USDJPY,57,0.8759,50151.0,local_quotes_full_history
USDJPY,58,0.8875,50124.0,local_quotes_full_history
USDJPY,59,0.8926,50115.0,local_quotes_full_history
USDJPY,60,0.8796,50236.0,local_quotes_full_history
USDJPY,61,0.8257,50363.0,local_quotes_full_history
USDJPY,62,0.8014,50383.0,local_quotes_full_history
USDJPY,63,0.8264,50376.0,local_quotes_full_history
USDJPY,64,0.8633,50327.0,local_quotes_full_history
USDJPY,65,0.894,50322.0,local_quotes_full_history
USDJPY,66,0.9005,50257.0,local_quotes_full_history
USDJPY,67,0.8952,50138.0,local_quotes_full_history
USDJPY,68,1.0686,50088.0,local_quotes_full_history
USDJPY,69,2.1383,49186.0,local_quotes_full_history
USDJPY,70,1.7949,49583.0,local_quotes_full_history
USDJPY,71,1.2169,50053.0,local_quotes_full_history
USDJPY,72,0.968,49840.0,local_quotes_full_history
USDJPY,73,0.6927,49755.0,local_quotes_full_history
USDJPY,74,0.6912,49787.0,local_quotes_full_history
USDJPY,75,0.758,49819.0,local_quotes_full_history
USDJPY,76,0.7982,49644.0,local_quotes_full_history
USDJPY,77,0.797,50036.0,local_quotes_full_history
USDJPY,78,0.7573,50061.0,local_quotes_full_history
USDJPY,79,0.8378,50225.0,local_quotes_full_history
USDJPY,80,0.8554,50163.0,local_quotes_full_history
USDJPY,81,0.8734,50135.0,local_quotes_full_history
USDJPY,82,0.8901,50121.0,local_quotes_full_history
USDJPY,83,0.891,50165.0,local_quotes_full_history
USDJPY,84,0.8913,50215.0,local_quotes_full_history
USDJPY,85,0.8641,50306.0,local_quotes_full_history
USDJPY,86,0.8143,50197.0,local_quotes_full_history
USDJPY,87,0.8265,50262.0,local_quotes_full_history
USDJPY,88,0.8784,50315.0,local_quotes_full_history
USDJPY,89,0.893,50261.0,local_quotes_full_history
USDJPY,90,0.896,50169.0,local_quotes_full_history
USDJPY,91,0.9068,50077.0,local_quotes_full_history
USDJPY,92,1.0873,50015.0,local_quotes_full_history
USDJPY,93,2.4053,48971.0,local_quotes_full_history
USDJPY,94,1.8881,49384.0,local_quotes_full_history
USDJPY,95,1.3477,50038.0,local_quotes_full_history
USDJPY,96,1.0147,50168.0,local_quotes_full_history
USDJPY,97,0.8087,50186.0,local_quotes_full_history
USDJPY,98,0.7727,50157.0,local_quotes_full_history
USDJPY,99,0.7902,50115.0,local_quotes_full_history
USDJPY,100,0.8532,50037.0,local_quotes_full_history
USDJPY,101,0.8358,50139.0,local_quotes_full_history
USDJPY,102,0.7988,50132.0,local_quotes_full_history
USDJPY,103,0.8979,50148.0,local_quotes_full_history
USDJPY,104,0.8959,50199.0,local_quotes_full_history
USDJPY,105,0.9011,50190.0,local_quotes_full_history
USDJPY,106,0.9128,50156.0,local_quotes_full_history
USDJPY,107,0.9099,50152.0,local_quotes_full_history
USDJPY,108,0.9068,50134.0,local_quotes_full_history
USDJPY,109,0.8855,50130.0,local_quotes_full_history
USDJPY,110,0.8593,50176.0,local_quotes_full_history
USDJPY,111,0.873,50301.0,local_quotes_full_history
USDJPY,112,0.8902,50273.0,local_quotes_full_history
USDJPY,113,0.9006,49700.0,local_quotes_full_history
USDJPY,114,0.9294,49730.0,local_quotes_full_history
USDJPY,115,0.9418,49690.0,local_quotes_full_history
USDJPY,116,1.1085,45838.0,local_quotes_full_history
USDJPY,117,1.2929,15723.0,local_quotes_full_history
USDJPY,118,1.358,144.0,local_quotes_full_history
USDJPY,161,6.0021,360.0,local_quotes_full_history
USDJPY,162,0.5011,490.0,local_quotes_full_history
USDJPY,163,0.5035,781.0,local_quotes_full_history
USDJPY,164,5.3787,1401.0,local_quotes_full_history
USDJPY,165,5.8832,22809.0,local_quotes_full_history
USDJPY,166,3.3907,45645.0,local_quotes_full_history
USDJPY,167,1.5496,49097.0,local_quotes_full_history
USDMXN,0,1.1563,756.0,dukascopy_sample
USDMXN,1,1.1377,761.0,dukascopy_sample
USDMXN,2,1.0878,758.0,dukascopy_sample
USDMXN,3,1.1025,731.0,dukascopy_sample
USDMXN,4,1.2068,789.0,dukascopy_sample
USDMXN,5,1.1875,804.0,dukascopy_sample
USDMXN,6,1.0753,839.0,dukascopy_sample
USDMXN,7,0.9756,840.0,dukascopy_sample
USDMXN,8,0.9732,840.0,dukascopy_sample
USDMXN,9,0.9436,840.0,dukascopy_sample
USDMXN,10,0.9344,839.0,dukascopy_sample
USDMXN,11,0.813,840.0,dukascopy_sample
USDMXN,12,0.7166,840.0,dukascopy_sample
USDMXN,13,0.7062,840.0,dukascopy_sample
USDMXN,14,0.6846,840.0,dukascopy_sample
USDMXN,15,0.6482,840.0,dukascopy_sample
USDMXN,16,0.6453,840.0,dukascopy_sample
USDMXN,17,0.654,840.0,dukascopy_sample
USDMXN,18,0.6745,840.0,dukascopy_sample
USDMXN,19,0.7166,840.0,dukascopy_sample
USDMXN,20,0.8308,838.0,dukascopy_sample
USDMXN,21,2.9293,469.0,dukascopy_sample
USDMXN,22,1.367,798.0,dukascopy_sample
USDMXN,23,1.3423,785.0,dukascopy_sample
USDMXN,24,1.1551,816.0,dukascopy_sample
USDMXN,25,1.186,825.0,dukascopy_sample
USDMXN,26,1.1806,815.0,dukascopy_sample
USDMXN,27,1.205,797.0,dukascopy_sample
USDMXN,28,1.2165,820.0,dukascopy_sample
USDMXN,29,1.1455,818.0,dukascopy_sample
USDMXN,30,1.0837,839.0,dukascopy_sample
USDMXN,31,0.9753,840.0,dukascopy_sample
USDMXN,32,0.9835,840.0,dukascopy_sample
USDMXN,33,0.956,840.0,dukascopy_sample
USDMXN,34,0.9353,840.0,dukascopy_sample
USDMXN,35,0.796,840.0,dukascopy_sample
USDMXN,36,0.7155,840.0,dukascopy_sample
USDMXN,37,0.6614,840.0,dukascopy_sample
USDMXN,38,0.668,840.0,dukascopy_sample
USDMXN,39,0.6522,840.0,dukascopy_sample
USDMXN,40,0.6481,840.0,dukascopy_sample
USDMXN,41,0.6458,840.0,dukascopy_sample
USDMXN,42,0.6625,840.0,dukascopy_sample
USDMXN,43,0.7027,839.0,dukascopy_sample
USDMXN,44,0.8277,839.0,dukascopy_sample
USDMXN,45,2.9958,489.0,dukascopy_sample
USDMXN,46,1.4635,816.0,dukascopy_sample
USDMXN,47,1.4267,751.0,dukascopy_sample
USDMXN,48,1.2294,819.0,dukascopy_sample
USDMXN,49,1.2855,795.0,dukascopy_sample
USDMXN,50,1.2196,801.0,dukascopy_sample
USDMXN,51,1.242,787.0,dukascopy_sample
USDMXN,52,1.2205,688.0,dukascopy_sample
USDMXN,53,1.1929,705.0,dukascopy_sample
USDMXN,54,0.9965,718.0,dukascopy_sample
USDMXN,55,0.9414,720.0,dukascopy_sample
USDMXN,56,0.9375,720.0,dukascopy_sample
USDMXN,57,0.9348,720.0,dukascopy_sample
USDMXN,58,0.9119,719.0,dukascopy_sample
USDMXN,59,0.8078,720.0,dukascopy_sample
USDMXN,60,0.7252,720.0,dukascopy_sample
USDMXN,61,0.6763,720.0,dukascopy_sample
USDMXN,62,0.6887,720.0,dukascopy_sample
USDMXN,63,0.6655,720.0,dukascopy_sample
USDMXN,64,0.6806,720.0,dukascopy_sample
USDMXN,65,0.7073,720.0,dukascopy_sample
USDMXN,66,0.719,720.0,dukascopy_sample
USDMXN,67,0.7674,720.0,dukascopy_sample
USDMXN,68,0.8896,719.0,dukascopy_sample
USDMXN,69,3.1212,370.0,dukascopy_sample
USDMXN,70,1.3834,690.0,dukascopy_sample
USDMXN,71,1.2543,698.0,dukascopy_sample
USDMXN,72,1.1136,699.0,dukascopy_sample
USDMXN,73,1.1748,703.0,dukascopy_sample
USDMXN,74,1.1169,686.0,dukascopy_sample
USDMXN,75,1.0865,692.0,dukascopy_sample
USDMXN,76,1.0338,709.0,dukascopy_sample
USDMXN,77,1.0526,705.0,dukascopy_sample
USDMXN,78,1.01,719.0,dukascopy_sample
USDMXN,79,0.9352,720.0,dukascopy_sample
USDMXN,80,0.9203,720.0,dukascopy_sample
USDMXN,81,0.9227,720.0,dukascopy_sample
USDMXN,82,0.8815,720.0,dukascopy_sample
USDMXN,83,0.7596,720.0,dukascopy_sample
USDMXN,84,0.7538,720.0,dukascopy_sample
USDMXN,85,0.6738,720.0,dukascopy_sample
USDMXN,86,0.6628,719.0,dukascopy_sample
USDMXN,87,0.6551,720.0,dukascopy_sample
USDMXN,88,0.6566,720.0,dukascopy_sample
USDMXN,89,0.6676,720.0,dukascopy_sample
USDMXN,90,0.6867,720.0,dukascopy_sample
USDMXN,91,0.7216,720.0,dukascopy_sample
USDMXN,92,0.8823,713.0,dukascopy_sample
USDMXN,93,3.1476,420.0,dukascopy_sample
USDMXN,94,1.4544,689.0,dukascopy_sample
USDMXN,95,1.4957,644.0,dukascopy_sample
USDMXN,96,1.3482,696.0,dukascopy_sample
USDMXN,97,1.3313,679.0,dukascopy_sample
USDMXN,98,1.4448,687.0,dukascopy_sample
USDMXN,99,1.3826,692.0,dukascopy_sample
USDMXN,100,1.2476,673.0,dukascopy_sample
USDMXN,101,1.2225,681.0,dukascopy_sample
USDMXN,102,1.035,720.0,dukascopy_sample
USDMXN,103,0.983,720.0,dukascopy_sample
USDMXN,104,0.928,720.0,dukascopy_sample
USDMXN,105,0.936,720.0,dukascopy_sample
USDMXN,106,0.8666,720.0,dukascopy_sample
USDMXN,107,0.7836,720.0,dukascopy_sample
USDMXN,108,0.7434,720.0,dukascopy_sample
USDMXN,109,0.687,720.0,dukascopy_sample
USDMXN,110,0.6695,720.0,dukascopy_sample
USDMXN,111,0.6717,720.0,dukascopy_sample
USDMXN,112,0.6921,720.0,dukascopy_sample
USDMXN,113,0.6893,720.0,dukascopy_sample
USDMXN,114,0.7316,720.0,dukascopy_sample
USDMXN,115,0.7804,720.0,dukascopy_sample
USDMXN,116,1.0119,708.0,dukascopy_sample
USDMXN,165,3.1944,122.0,dukascopy_sample
USDMXN,166,1.7997,705.0,dukascopy_sample
USDMXN,167,1.5885,740.0,dukascopy_sample
USDNOK,0,1.2262,780.0,dukascopy_sample
USDNOK,1,1.1406,780.0,dukascopy_sample
USDNOK,2,1.1522,778.0,dukascopy_sample
USDNOK,3,1.1728,780.0,dukascopy_sample
USDNOK,4,1.0269,838.0,dukascopy_sample
USDNOK,5,0.9345,840.0,dukascopy_sample
USDNOK,6,0.6342,840.0,dukascopy_sample
USDNOK,7,0.5848,840.0,dukascopy_sample
USDNOK,8,0.5743,840.0,dukascopy_sample
USDNOK,9,0.5611,840.0,dukascopy_sample
USDNOK,10,0.5592,840.0,dukascopy_sample
USDNOK,11,0.5144,840.0,dukascopy_sample
USDNOK,12,0.5432,840.0,dukascopy_sample
USDNOK,13,0.5365,840.0,dukascopy_sample
USDNOK,14,0.5433,840.0,dukascopy_sample
USDNOK,15,0.5502,840.0,dukascopy_sample
USDNOK,16,0.5975,840.0,dukascopy_sample
USDNOK,17,0.6198,840.0,dukascopy_sample
USDNOK,18,0.6255,840.0,dukascopy_sample
USDNOK,19,0.6573,840.0,dukascopy_sample
USDNOK,20,0.849,839.0,dukascopy_sample
USDNOK,21,3.9419,789.0,dukascopy_sample
USDNOK,22,1.6955,834.0,dukascopy_sample
USDNOK,23,1.3932,839.0,dukascopy_sample
USDNOK,24,0.991,839.0,dukascopy_sample
USDNOK,25,0.9893,840.0,dukascopy_sample
USDNOK,26,0.9671,840.0,dukascopy_sample
USDNOK,27,0.9581,840.0,dukascopy_sample
USDNOK,28,0.9359,840.0,dukascopy_sample
USDNOK,29,0.8999,840.0,dukascopy_sample
USDNOK,30,0.6177,840.0,dukascopy_sample
USDNOK,31,0.5493,840.0,dukascopy_sample
USDNOK,32,0.5421,840.0,dukascopy_sample
USDNOK,33,0.5133,840.0,dukascopy_sample
USDNOK,34,0.5122,840.0,dukascopy_sample
USDNOK,35,0.5123,840.0,dukascopy_sample
USDNOK,36,0.5049,840.0,dukascopy_sample
USDNOK,37,0.5243,840.0,dukascopy_sample
USDNOK,38,0.5256,840.0,dukascopy_sample
USDNOK,39,0.5427,840.0,dukascopy_sample
USDNOK,40,0.6153,840.0,dukascopy_sample
USDNOK,41,0.6587,840.0,dukascopy_sample
USDNOK,42,0.667,840.0,dukascopy_sample
USDNOK,43,0.6534,840.0,dukascopy_sample
USDNOK,44,0.8277,836.0,dukascopy_sample
USDNOK,45,3.9725,758.0,dukascopy_sample
USDNOK,46,1.862,834.0,dukascopy_sample
USDNOK,47,1.5339,834.0,dukascopy_sample
USDNOK,48,1.0908,840.0,dukascopy_sample
USDNOK,49,1.0129,840.0,dukascopy_sample
USDNOK,50,0.9921,840.0,dukascopy_sample
USDNOK,51,0.9178,838.0,dukascopy_sample
USDNOK,52,0.9557,722.0,dukascopy_sample
USDNOK,53,0.8835,719.0,dukascopy_sample
USDNOK,54,0.6151,720.0,dukascopy_sample
USDNOK,55,0.5416,720.0,dukascopy_sample
USDNOK,56,0.5586,720.0,dukascopy_sample
USDNOK,57,0.5198,720.0,dukascopy_sample
USDNOK,58,0.508,720.0,dukascopy_sample
USDNOK,59,0.4949,720.0,dukascopy_sample
USDNOK,60,0.5206,720.0,dukascopy_sample
USDNOK,61,0.4981,720.0,dukascopy_sample
USDNOK,62,0.4997,720.0,dukascopy_sample
USDNOK,63,0.5269,720.0,dukascopy_sample
USDNOK,64,0.6127,720.0,dukascopy_sample
USDNOK,65,0.6388,720.0,dukascopy_sample
USDNOK,66,0.6494,717.0,dukascopy_sample
USDNOK,67,0.6665,720.0,dukascopy_sample
USDNOK,68,0.8724,720.0,dukascopy_sample
USDNOK,69,4.5116,636.0,dukascopy_sample
USDNOK,70,1.8223,716.0,dukascopy_sample
USDNOK,71,1.4551,720.0,dukascopy_sample
USDNOK,72,1.0452,720.0,dukascopy_sample
USDNOK,73,1.0222,719.0,dukascopy_sample
USDNOK,74,0.9966,720.0,dukascopy_sample
USDNOK,75,1.063,720.0,dukascopy_sample
USDNOK,76,0.9559,720.0,dukascopy_sample
USDNOK,77,0.9001,720.0,dukascopy_sample
USDNOK,78,0.6024,720.0,dukascopy_sample
USDNOK,79,0.5475,720.0,dukascopy_sample
USDNOK,80,0.5451,720.0,dukascopy_sample
USDNOK,81,0.5325,720.0,dukascopy_sample
USDNOK,82,0.5424,720.0,dukascopy_sample
USDNOK,83,0.5111,720.0,dukascopy_sample
USDNOK,84,0.5364,720.0,dukascopy_sample
USDNOK,85,0.5167,720.0,dukascopy_sample
USDNOK,86,0.538,720.0,dukascopy_sample
USDNOK,87,0.553,720.0,dukascopy_sample
USDNOK,88,0.6455,720.0,dukascopy_sample
USDNOK,89,0.6732,720.0,dukascopy_sample
USDNOK,90,0.651,719.0,dukascopy_sample
USDNOK,91,0.7076,720.0,dukascopy_sample
USDNOK,92,0.9545,718.0,dukascopy_sample
USDNOK,93,5.4556,648.0,dukascopy_sample
USDNOK,94,2.4054,715.0,dukascopy_sample
USDNOK,95,1.5853,716.0,dukascopy_sample
USDNOK,96,1.231,720.0,dukascopy_sample
USDNOK,97,1.1049,720.0,dukascopy_sample
USDNOK,98,1.1389,720.0,dukascopy_sample
USDNOK,99,1.1922,720.0,dukascopy_sample
USDNOK,100,1.0692,719.0,dukascopy_sample
USDNOK,101,0.9717,719.0,dukascopy_sample
USDNOK,102,0.6412,720.0,dukascopy_sample
USDNOK,103,0.5764,720.0,dukascopy_sample
USDNOK,104,0.5653,720.0,dukascopy_sample
USDNOK,105,0.5483,720.0,dukascopy_sample
USDNOK,106,0.5317,720.0,dukascopy_sample
USDNOK,107,0.5317,720.0,dukascopy_sample
USDNOK,108,0.5455,720.0,dukascopy_sample
USDNOK,109,0.5376,720.0,dukascopy_sample
USDNOK,110,0.5724,720.0,dukascopy_sample
USDNOK,111,0.5534,720.0,dukascopy_sample
USDNOK,112,0.6523,720.0,dukascopy_sample
USDNOK,113,0.6918,720.0,dukascopy_sample
USDNOK,114,0.6985,720.0,dukascopy_sample
USDNOK,115,0.7776,720.0,dukascopy_sample
USDNOK,116,1.3188,716.0,dukascopy_sample
USDNOK,165,8.816,680.0,dukascopy_sample
USDNOK,166,3.3747,749.0,dukascopy_sample
USDNOK,167,2.301,780.0,dukascopy_sample
USDPLN,0,2.215,776.0,dukascopy_sample
USDPLN,1,2.1096,778.0,dukascopy_sample
USDPLN,2,2.1306,769.0,dukascopy_sample
USDPLN,3,1.6939,777.0,dukascopy_sample
USDPLN,4,1.4937,836.0,dukascopy_sample
USDPLN,5,1.1285,840.0,dukascopy_sample
USDPLN,6,0.6005,840.0,dukascopy_sample
USDPLN,7,0.523,840.0,dukascopy_sample
USDPLN,8,0.519,840.0,dukascopy_sample
USDPLN,9,0.5265,840.0,dukascopy_sample
USDPLN,10,0.5069,840.0,dukascopy_sample
USDPLN,11,0.4899,840.0,dukascopy_sample
USDPLN,12,0.4855,840.0,dukascopy_sample
USDPLN,13,0.4939,840.0,dukascopy_sample
USDPLN,14,0.5031,840.0,dukascopy_sample
USDPLN,15,0.5298,840.0,dukascopy_sample
USDPLN,16,0.6518,840.0,dukascopy_sample
USDPLN,17,0.6687,840.0,dukascopy_sample
USDPLN,18,0.7379,840.0,dukascopy_sample
USDPLN,19,0.7339,840.0,dukascopy_sample
USDPLN,20,0.8488,831.0,dukascopy_sample
USDPLN,21,2.1946,796.0,dukascopy_sample
USDPLN,22,1.7244,831.0,dukascopy_sample
USDPLN,23,1.3466,828.0,dukascopy_sample
USDPLN,24,1.1812,836.0,dukascopy_sample
USDPLN,25,1.1589,840.0,dukascopy_sample
USDPLN,26,1.1508,831.0,dukascopy_sample
USDPLN,27,1.1228,828.0,dukascopy_sample
USDPLN,28,1.1475,828.0,dukascopy_sample
USDPLN,29,1.1293,838.0,dukascopy_sample
USDPLN,30,0.6073,840.0,dukascopy_sample
USDPLN,31,0.5271,840.0,dukascopy_sample
USDPLN,32,0.5023,840.0,dukascopy_sample
USDPLN,33,0.4965,840.0,dukascopy_sample
USDPLN,34,0.4923,840.0,dukascopy_sample
USDPLN,35,0.4771,840.0,dukascopy_sample
USDPLN,36,0.4895,840.0,dukascopy_sample
USDPLN,37,0.491,840.0,dukascopy_sample
USDPLN,38,0.4937,840.0,dukascopy_sample
USDPLN,39,0.5074,827.0,dukascopy_sample
USDPLN,40,0.6094,832.0,dukascopy_sample
USDPLN,41,0.6663,840.0,dukascopy_sample
USDPLN,42,0.7726,838.0,dukascopy_sample
USDPLN,43,0.7458,838.0,dukascopy_sample
USDPLN,44,0.9176,826.0,dukascopy_sample
USDPLN,45,2.6498,806.0,dukascopy_sample
USDPLN,46,1.7635,821.0,dukascopy_sample
USDPLN,47,1.6527,822.0,dukascopy_sample
USDPLN,48,1.2928,834.0,dukascopy_sample
USDPLN,49,1.1725,836.0,dukascopy_sample
USDPLN,50,1.1657,836.0,dukascopy_sample
USDPLN,51,1.1587,827.0,dukascopy_sample
USDPLN,52,1.1487,703.0,dukascopy_sample
USDPLN,53,1.1127,719.0,dukascopy_sample
USDPLN,54,0.5429,720.0,dukascopy_sample
USDPLN,55,0.5138,720.0,dukascopy_sample
USDPLN,56,0.5147,720.0,dukascopy_sample
USDPLN,57,0.5061,720.0,dukascopy_sample
USDPLN,58,0.5224,720.0,dukascopy_sample
USDPLN,59,0.5078,720.0,dukascopy_sample
USDPLN,60,0.5113,720.0,dukascopy_sample
USDPLN,61,0.501,720.0,dukascopy_sample
USDPLN,62,0.4933,720.0,dukascopy_sample
USDPLN,63,0.5181,720.0,dukascopy_sample
USDPLN,64,0.5916,720.0,dukascopy_sample
USDPLN,65,0.6454,719.0,dukascopy_sample
USDPLN,66,0.7806,715.0,dukascopy_sample
USDPLN,67,0.7483,712.0,dukascopy_sample
USDPLN,68,0.9622,709.0,dukascopy_sample
USDPLN,69,2.4155,697.0,dukascopy_sample
USDPLN,70,1.7338,717.0,dukascopy_sample
USDPLN,71,1.5648,708.0,dukascopy_sample
USDPLN,72,1.2627,716.0,dukascopy_sample
USDPLN,73,1.162,719.0,dukascopy_sample
USDPLN,74,1.1287,718.0,dukascopy_sample
USDPLN,75,1.1777,711.0,dukascopy_sample
USDPLN,76,1.1472,709.0,dukascopy_sample
USDPLN,77,1.0883,720.0,dukascopy_sample
USDPLN,78,0.6087,720.0,dukascopy_sample
USDPLN,79,0.5138,720.0,dukascopy_sample
USDPLN,80,0.5386,720.0,dukascopy_sample
USDPLN,81,0.5292,720.0,dukascopy_sample
USDPLN,82,0.5095,720.0,dukascopy_sample
USDPLN,83,0.5224,720.0,dukascopy_sample
USDPLN,84,0.5241,720.0,dukascopy_sample
USDPLN,85,0.5113,720.0,dukascopy_sample
USDPLN,86,0.5241,720.0,dukascopy_sample
USDPLN,87,0.5429,720.0,dukascopy_sample
USDPLN,88,0.6335,720.0,dukascopy_sample
USDPLN,89,0.6754,720.0,dukascopy_sample
USDPLN,90,0.772,720.0,dukascopy_sample
USDPLN,91,0.7558,720.0,dukascopy_sample
USDPLN,92,0.9987,708.0,dukascopy_sample
USDPLN,93,2.6106,705.0,dukascopy_sample
USDPLN,94,2.0275,710.0,dukascopy_sample
USDPLN,95,1.9023,715.0,dukascopy_sample
USDPLN,96,1.6388,719.0,dukascopy_sample
USDPLN,97,1.5113,716.0,dukascopy_sample
USDPLN,98,1.5674,716.0,dukascopy_sample
USDPLN,99,1.4625,712.0,dukascopy_sample
USDPLN,100,1.1735,713.0,dukascopy_sample
USDPLN,101,1.1363,716.0,dukascopy_sample
USDPLN,102,0.6036,720.0,dukascopy_sample
USDPLN,103,0.5036,720.0,dukascopy_sample
USDPLN,104,0.5061,720.0,dukascopy_sample
USDPLN,105,0.495,720.0,dukascopy_sample
USDPLN,106,0.501,720.0,dukascopy_sample
USDPLN,107,0.5138,720.0,dukascopy_sample
USDPLN,108,0.5061,720.0,dukascopy_sample
USDPLN,109,0.513,720.0,dukascopy_sample
USDPLN,110,0.5437,720.0,dukascopy_sample
USDPLN,111,0.613,720.0,dukascopy_sample
USDPLN,112,0.7134,696.0,dukascopy_sample
USDPLN,113,0.6537,707.0,dukascopy_sample
USDPLN,114,0.834,716.0,dukascopy_sample
USDPLN,115,0.8289,718.0,dukascopy_sample
USDPLN,116,1.5388,714.0,dukascopy_sample
USDPLN,165,5.626,561.0,dukascopy_sample
USDPLN,166,3.6039,777.0,dukascopy_sample
USDPLN,167,3.0068,762.0,dukascopy_sample
USDSEK,0,1.2835,780.0,dukascopy_sample
USDSEK,1,1.2578,779.0,dukascopy_sample
USDSEK,2,1.1869,779.0,dukascopy_sample
USDSEK,3,1.125,779.0,dukascopy_sample
USDSEK,4,0.9997,838.0,dukascopy_sample
USDSEK,5,0.9631,840.0,dukascopy_sample
USDSEK,6,0.6412,840.0,dukascopy_sample
USDSEK,7,0.551,840.0,dukascopy_sample
USDSEK,8,0.5095,840.0,dukascopy_sample
USDSEK,9,0.5034,840.0,dukascopy_sample
USDSEK,10,0.5043,840.0,dukascopy_sample
USDSEK,11,0.4969,840.0,dukascopy_sample
USDSEK,12,0.4966,840.0,dukascopy_sample
USDSEK,13,0.4973,840.0,dukascopy_sample
USDSEK,14,0.5214,840.0,dukascopy_sample
USDSEK,15,0.5589,840.0,dukascopy_sample
USDSEK,16,0.6226,840.0,dukascopy_sample
USDSEK,17,0.6407,840.0,dukascopy_sample
USDSEK,18,0.6321,840.0,dukascopy_sample
USDSEK,19,0.6613,840.0,dukascopy_sample
USDSEK,20,0.8057,839.0,dukascopy_sample
USDSEK,21,3.2456,747.0,dukascopy_sample
USDSEK,22,1.7179,837.0,dukascopy_sample
USDSEK,23,1.4797,838.0,dukascopy_sample
USDSEK,24,1.0455,840.0,dukascopy_sample
USDSEK,25,0.9978,839.0,dukascopy_sample
USDSEK,26,0.9846,838.0,dukascopy_sample
USDSEK,27,0.9973,836.0,dukascopy_sample
USDSEK,28,0.9069,837.0,dukascopy_sample
USDSEK,29,0.8486,840.0,dukascopy_sample
USDSEK,30,0.6093,840.0,dukascopy_sample
USDSEK,31,0.5125,840.0,dukascopy_sample
USDSEK,32,0.4961,840.0,dukascopy_sample
USDSEK,33,0.4917,840.0,dukascopy_sample
USDSEK,34,0.4971,840.0,dukascopy_sample
USDSEK,35,0.4911,840.0,dukascopy_sample
USDSEK,36,0.4899,840.0,dukascopy_sample
USDSEK,37,0.5018,840.0,dukascopy_sample
USDSEK,38,0.4959,840.0,dukascopy_sample
USDSEK,39,0.5342,840.0,dukascopy_sample
USDSEK,40,0.6068,840.0,dukascopy_sample
USDSEK,41,0.6438,840.0,dukascopy_sample
USDSEK,42,0.6495,840.0,dukascopy_sample
USDSEK,43,0.6317,840.0,dukascopy_sample
USDSEK,44,0.8188,838.0,dukascopy_sample
USDSEK,45,4.4467,742.0,dukascopy_sample
USDSEK,46,2.1643,834.0,dukascopy_sample
USDSEK,47,1.7419,837.0,dukascopy_sample
USDSEK,48,1.0803,840.0,dukascopy_sample
USDSEK,49,1.045,839.0,dukascopy_sample
USDSEK,50,0.923,839.0,dukascopy_sample
USDSEK,51,0.9808,839.0,dukascopy_sample
USDSEK,52,0.9496,717.0,dukascopy_sample
USDSEK,53,0.9166,720.0,dukascopy_sample
USDSEK,54,0.5737,720.0,dukascopy_sample
USDSEK,55,0.4977,720.0,dukascopy_sample
USDSEK,56,0.5,720.0,dukascopy_sample
USDSEK,57,0.4917,720.0,dukascopy_sample
USDSEK,58,0.4847,720.0,dukascopy_sample
USDSEK,59,0.4921,720.0,dukascopy_sample
USDSEK,60,0.4968,720.0,dukascopy_sample
USDSEK,61,0.4935,720.0,dukascopy_sample
USDSEK,62,0.5028,720.0,dukascopy_sample
USDSEK,63,0.5107,720.0,dukascopy_sample
USDSEK,64,0.6108,720.0,dukascopy_sample
USDSEK,65,0.6182,720.0,dukascopy_sample
USDSEK,66,0.6618,718.0,dukascopy_sample
USDSEK,67,0.6849,720.0,dukascopy_sample
USDSEK,68,0.9384,720.0,dukascopy_sample
USDSEK,69,4.8023,626.0,dukascopy_sample
USDSEK,70,2.0869,719.0,dukascopy_sample
USDSEK,71,1.7491,719.0,dukascopy_sample
USDSEK,72,1.0441,720.0,dukascopy_sample
USDSEK,73,1.0673,720.0,dukascopy_sample
USDSEK,74,0.9713,719.0,dukascopy_sample
USDSEK,75,1.0478,717.0,dukascopy_sample
USDSEK,76,1.0381,720.0,dukascopy_sample
USDSEK,77,0.9472,720.0,dukascopy_sample
USDSEK,78,0.5871,720.0,dukascopy_sample
USDSEK,79,0.5246,720.0,dukascopy_sample
USDSEK,80,0.4921,720.0,dukascopy_sample
USDSEK,81,0.4861,720.0,dukascopy_sample
USDSEK,82,0.4699,720.0,dukascopy_sample
USDSEK,83,0.4857,720.0,dukascopy_sample
USDSEK,84,0.5,720.0,dukascopy_sample
USDSEK,85,0.4972,720.0,dukascopy_sample
USDSEK,86,0.4912,720.0,dukascopy_sample
USDSEK,87,0.532,720.0,dukascopy_sample
USDSEK,88,0.6117,720.0,dukascopy_sample
USDSEK,89,0.6353,720.0,dukascopy_sample
USDSEK,90,0.6312,720.0,dukascopy_sample
USDSEK,91,0.691,720.0,dukascopy_sample
USDSEK,92,0.8907,719.0,dukascopy_sample
USDSEK,93,4.9744,658.0,dukascopy_sample
USDSEK,94,2.3498,715.0,dukascopy_sample
USDSEK,95,1.8961,717.0,dukascopy_sample
USDSEK,96,1.1975,720.0,dukascopy_sample
USDSEK,97,1.1891,720.0,dukascopy_sample
USDSEK,98,1.2081,720.0,dukascopy_sample
USDSEK,99,1.0515,720.0,dukascopy_sample
USDSEK,100,1.0008,716.0,dukascopy_sample
USDSEK,101,0.9968,720.0,dukascopy_sample
USDSEK,102,0.6163,720.0,dukascopy_sample
USDSEK,103,0.5102,720.0,dukascopy_sample
USDSEK,104,0.5172,720.0,dukascopy_sample
USDSEK,105,0.5093,720.0,dukascopy_sample
USDSEK,106,0.4959,720.0,dukascopy_sample
USDSEK,107,0.4963,720.0,dukascopy_sample
USDSEK,108,0.513,720.0,dukascopy_sample
USDSEK,109,0.5153,720.0,dukascopy_sample
USDSEK,110,0.5144,720.0,dukascopy_sample
USDSEK,111,0.5505,720.0,dukascopy_sample
USDSEK,112,0.6377,720.0,dukascopy_sample
USDSEK,113,0.6335,720.0,dukascopy_sample
USDSEK,114,0.6715,720.0,dukascopy_sample
USDSEK,115,0.7299,720.0,dukascopy_sample
USDSEK,116,1.281,718.0,dukascopy_sample
USDSEK,165,9.1057,595.0,dukascopy_sample
USDSEK,166,4.4168,751.0,dukascopy_sample
USDSEK,167,2.5944,777.0,dukascopy_sample
USDTRY,0,0.5542,441.0,dukascopy_sample
USDTRY,1,0.7225,460.0,dukascopy_sample
USDTRY,2,1.5354,459.0,dukascopy_sample
USDTRY,3,1.1804,466.0,dukascopy_sample
USDTRY,4,1.071,589.0,dukascopy_sample
USDTRY,5,1.2056,588.0,dukascopy_sample
USDTRY,6,0.9967,812.0,dukascopy_sample
USDTRY,7,0.639,840.0,dukascopy_sample
USDTRY,8,0.5204,833.0,dukascopy_sample
USDTRY,9,0.5083,835.0,dukascopy_sample
USDTRY,10,0.5103,829.0,dukascopy_sample
USDTRY,11,0.5278,833.0,dukascopy_sample
USDTRY,12,0.4785,825.0,dukascopy_sample
USDTRY,13,0.4377,808.0,dukascopy_sample
USDTRY,14,0.4621,822.0,dukascopy_sample
USDTRY,15,0.6647,829.0,dukascopy_sample
USDTRY,16,0.7661,801.0,dukascopy_sample
USDTRY,17,0.7377,769.0,dukascopy_sample
USDTRY,18,0.8147,786.0,dukascopy_sample
USDTRY,19,0.9682,732.0,dukascopy_sample
USDTRY,20,1.5124,677.0,dukascopy_sample
USDTRY,21,1.1887,367.0,dukascopy_sample
USDTRY,22,1.0285,465.0,dukascopy_sample
USDTRY,23,1.1048,482.0,dukascopy_sample
USDTRY,24,0.9644,475.0,dukascopy_sample
USDTRY,25,0.7623,438.0,dukascopy_sample
USDTRY,26,0.9242,439.0,dukascopy_sample
USDTRY,27,1.7951,526.0,dukascopy_sample
USDTRY,28,1.8963,638.0,dukascopy_sample
USDTRY,29,1.6535,725.0,dukascopy_sample
USDTRY,30,0.6863,824.0,dukascopy_sample
USDTRY,31,0.4871,832.0,dukascopy_sample
USDTRY,32,0.4654,831.0,dukascopy_sample
USDTRY,33,0.4749,836.0,dukascopy_sample
USDTRY,34,0.5437,835.0,dukascopy_sample
USDTRY,35,0.5261,834.0,dukascopy_sample
USDTRY,36,0.5041,837.0,dukascopy_sample
USDTRY,37,0.582,835.0,dukascopy_sample
USDTRY,38,0.6734,835.0,dukascopy_sample
USDTRY,39,0.7346,810.0,dukascopy_sample
USDTRY,40,0.986,776.0,dukascopy_sample
USDTRY,41,1.4331,803.0,dukascopy_sample
USDTRY,42,1.5032,794.0,dukascopy_sample
USDTRY,43,1.4019,725.0,dukascopy_sample
USDTRY,44,0.9136,635.0,dukascopy_sample
USDTRY,45,1.0805,371.0,dukascopy_sample
USDTRY,46,0.8353,458.0,dukascopy_sample
USDTRY,47,1.4237,542.0,dukascopy_sample
USDTRY,48,0.9897,568.0,dukascopy_sample
USDTRY,49,1.1149,619.0,dukascopy_sample
USDTRY,50,1.129,647.0,dukascopy_sample
USDTRY,51,1.2883,569.0,dukascopy_sample
USDTRY,52,0.957,484.0,dukascopy_sample
USDTRY,53,1.4472,601.0,dukascopy_sample
USDTRY,54,0.9839,700.0,dukascopy_sample
USDTRY,55,0.6275,717.0,dukascopy_sample
USDTRY,56,0.5529,715.0,dukascopy_sample
USDTRY,57,0.5714,709.0,dukascopy_sample
USDTRY,58,0.5815,710.0,dukascopy_sample
USDTRY,59,0.6231,713.0,dukascopy_sample
USDTRY,60,0.6196,707.0,dukascopy_sample
USDTRY,61,0.654,715.0,dukascopy_sample
USDTRY,62,1.1686,720.0,dukascopy_sample
USDTRY,63,0.83,712.0,dukascopy_sample
USDTRY,64,1.7277,715.0,dukascopy_sample
USDTRY,65,1.9202,699.0,dukascopy_sample
USDTRY,66,1.8356,682.0,dukascopy_sample
USDTRY,67,2.0412,663.0,dukascopy_sample
USDTRY,68,2.4097,552.0,dukascopy_sample
USDTRY,69,0.9617,292.0,dukascopy_sample
USDTRY,70,0.672,322.0,dukascopy_sample
USDTRY,71,0.7114,324.0,dukascopy_sample
USDTRY,72,1.3456,408.0,dukascopy_sample
USDTRY,73,0.7856,359.0,dukascopy_sample
USDTRY,74,1.3622,393.0,dukascopy_sample
USDTRY,75,1.8895,433.0,dukascopy_sample
USDTRY,76,2.3007,458.0,dukascopy_sample
USDTRY,77,1.9126,542.0,dukascopy_sample
USDTRY,78,1.2128,709.0,dukascopy_sample
USDTRY,79,0.574,718.0,dukascopy_sample
USDTRY,80,0.5486,717.0,dukascopy_sample
USDTRY,81,0.5556,714.0,dukascopy_sample
USDTRY,82,0.5819,717.0,dukascopy_sample
USDTRY,83,0.6212,713.0,dukascopy_sample
USDTRY,84,0.6321,717.0,dukascopy_sample
USDTRY,85,0.6015,717.0,dukascopy_sample
USDTRY,86,0.8181,719.0,dukascopy_sample
USDTRY,87,0.9738,720.0,dukascopy_sample
USDTRY,88,1.2596,712.0,dukascopy_sample
USDTRY,89,1.4911,653.0,dukascopy_sample
USDTRY,90,1.4056,621.0,dukascopy_sample
USDTRY,91,1.6433,660.0,dukascopy_sample
USDTRY,92,2.0263,591.0,dukascopy_sample
USDTRY,93,0.8517,386.0,dukascopy_sample
USDTRY,94,0.9526,444.0,dukascopy_sample
USDTRY,95,1.1601,446.0,dukascopy_sample
USDTRY,96,1.1753,503.0,dukascopy_sample
USDTRY,97,1.0555,460.0,dukascopy_sample
USDTRY,98,1.2834,483.0,dukascopy_sample
USDTRY,99,1.2549,520.0,dukascopy_sample
USDTRY,100,1.3617,530.0,dukascopy_sample
USDTRY,101,1.6051,672.0,dukascopy_sample
USDTRY,102,0.9078,710.0,dukascopy_sample
USDTRY,103,0.5831,716.0,dukascopy_sample
USDTRY,104,0.5558,703.0,dukascopy_sample
USDTRY,105,0.6021,710.0,dukascopy_sample
USDTRY,106,0.6497,711.0,dukascopy_sample
USDTRY,107,0.6207,718.0,dukascopy_sample
USDTRY,108,0.6484,716.0,dukascopy_sample
USDTRY,109,0.7045,720.0,dukascopy_sample
USDTRY,110,0.6607,716.0,dukascopy_sample
USDTRY,111,0.802,711.0,dukascopy_sample
USDTRY,112,1.4035,705.0,dukascopy_sample
USDTRY,113,2.4207,691.0,dukascopy_sample
USDTRY,114,2.4165,658.0,dukascopy_sample
USDTRY,115,2.3847,575.0,dukascopy_sample
USDTRY,116,1.5311,452.0,dukascopy_sample
USDTRY,165,0.9983,328.0,dukascopy_sample
USDTRY,166,0.6247,360.0,dukascopy_sample
USDTRY,167,0.6035,401.0,dukascopy_sample
USDZAR,0,1.1201,741.0,dukascopy_sample
USDZAR,1,1.1224,743.0,dukascopy_sample
USDZAR,2,1.1616,744.0,dukascopy_sample
USDZAR,3,1.1252,714.0,dukascopy_sample
USDZAR,4,1.0788,805.0,dukascopy_sample
USDZAR,5,0.8689,822.0,dukascopy_sample
USDZAR,6,0.7185,838.0,dukascopy_sample
USDZAR,7,0.61,840.0,dukascopy_sample
USDZAR,8,0.6087,840.0,dukascopy_sample
USDZAR,9,0.6068,840.0,dukascopy_sample
USDZAR,10,0.6079,840.0,dukascopy_sample
USDZAR,11,0.5968,840.0,dukascopy_sample
USDZAR,12,0.5907,840.0,dukascopy_sample
USDZAR,13,0.5791,840.0,dukascopy_sample
USDZAR,14,0.5954,840.0,dukascopy_sample
USDZAR,15,0.598,840.0,dukascopy_sample
USDZAR,16,0.7319,838.0,dukascopy_sample
USDZAR,17,0.7542,830.0,dukascopy_sample
USDZAR,18,0.7906,834.0,dukascopy_sample
USDZAR,19,0.8142,830.0,dukascopy_sample
USDZAR,20,0.935,812.0,dukascopy_sample
USDZAR,21,2.7936,599.0,dukascopy_sample
USDZAR,22,2.4546,658.0,dukascopy_sample
USDZAR,23,1.8652,765.0,dukascopy_sample
USDZAR,24,1.0884,803.0,dukascopy_sample
USDZAR,25,1.1421,805.0,dukascopy_sample
USDZAR,26,1.1098,819.0,dukascopy_sample
USDZAR,27,1.0957,776.0,dukascopy_sample
USDZAR,28,1.0976,781.0,dukascopy_sample
USDZAR,29,0.8768,818.0,dukascopy_sample
USDZAR,30,0.6802,840.0,dukascopy_sample
USDZAR,31,0.6118,840.0,dukascopy_sample
USDZAR,32,0.6074,840.0,dukascopy_sample
USDZAR,33,0.6042,840.0,dukascopy_sample
USDZAR,34,0.6045,840.0,dukascopy_sample
USDZAR,35,0.5912,840.0,dukascopy_sample
USDZAR,36,0.6103,840.0,dukascopy_sample
USDZAR,37,0.6121,840.0,dukascopy_sample
USDZAR,38,0.6208,840.0,dukascopy_sample
USDZAR,39,0.6188,840.0,dukascopy_sample
USDZAR,40,0.7335,836.0,dukascopy_sample
USDZAR,41,0.7713,836.0,dukascopy_sample
USDZAR,42,0.7923,831.0,dukascopy_sample
USDZAR,43,0.8074,827.0,dukascopy_sample
USDZAR,44,0.9955,799.0,dukascopy_sample
USDZAR,45,3.3172,579.0,dukascopy_sample
USDZAR,46,2.5475,767.0,dukascopy_sample
USDZAR,47,1.7121,787.0,dukascopy_sample
USDZAR,48,1.154,806.0,dukascopy_sample
USDZAR,49,1.0899,811.0,dukascopy_sample
USDZAR,50,1.1091,810.0,dukascopy_sample
USDZAR,51,1.1477,794.0,dukascopy_sample
USDZAR,52,1.0883,686.0,dukascopy_sample
USDZAR,53,0.8611,707.0,dukascopy_sample
USDZAR,54,0.6873,720.0,dukascopy_sample
USDZAR,55,0.6044,720.0,dukascopy_sample
USDZAR,56,0.6055,720.0,dukascopy_sample
USDZAR,57,0.5942,720.0,dukascopy_sample
USDZAR,58,0.5863,720.0,dukascopy_sample
USDZAR,59,0.5952,720.0,dukascopy_sample
USDZAR,60,0.6139,720.0,dukascopy_sample
USDZAR,61,0.6006,720.0,dukascopy_sample
USDZAR,62,0.6003,720.0,dukascopy_sample
USDZAR,63,0.5975,720.0,dukascopy_sample
USDZAR,64,0.7118,718.0,dukascopy_sample
USDZAR,65,0.7926,717.0,dukascopy_sample
USDZAR,66,0.8565,716.0,dukascopy_sample
USDZAR,67,0.8478,710.0,dukascopy_sample
USDZAR,68,0.9663,691.0,dukascopy_sample
USDZAR,69,4.6981,444.0,dukascopy_sample
USDZAR,70,2.7704,633.0,dukascopy_sample
USDZAR,71,1.7188,668.0,dukascopy_sample
USDZAR,72,1.2717,668.0,dukascopy_sample
USDZAR,73,1.1693,702.0,dukascopy_sample
USDZAR,74,1.208,675.0,dukascopy_sample
USDZAR,75,1.0921,658.0,dukascopy_sample
USDZAR,76,1.0168,675.0,dukascopy_sample
USDZAR,77,0.867,711.0,dukascopy_sample
USDZAR,78,0.678,720.0,dukascopy_sample
USDZAR,79,0.6369,720.0,dukascopy_sample
USDZAR,80,0.6251,720.0,dukascopy_sample
USDZAR,81,0.6123,720.0,dukascopy_sample
USDZAR,82,0.6146,720.0,dukascopy_sample
USDZAR,83,0.6046,720.0,dukascopy_sample
USDZAR,84,0.618,720.0,dukascopy_sample
USDZAR,85,0.598,720.0,dukascopy_sample
USDZAR,86,0.5904,720.0,dukascopy_sample
USDZAR,87,0.6143,720.0,dukascopy_sample
USDZAR,88,0.7394,719.0,dukascopy_sample
USDZAR,89,0.7799,715.0,dukascopy_sample
USDZAR,90,0.8065,704.0,dukascopy_sample
USDZAR,91,0.8279,704.0,dukascopy_sample
USDZAR,92,1.0916,695.0,dukascopy_sample
USDZAR,93,4.6778,486.0,dukascopy_sample
USDZAR,94,2.7751,582.0,dukascopy_sample
USDZAR,95,1.9168,586.0,dukascopy_sample
USDZAR,96,1.3909,654.0,dukascopy_sample
USDZAR,97,1.3387,637.0,dukascopy_sample
USDZAR,98,1.3968,664.0,dukascopy_sample
USDZAR,99,1.1789,657.0,dukascopy_sample
USDZAR,100,1.0926,667.0,dukascopy_sample
USDZAR,101,0.8481,711.0,dukascopy_sample
USDZAR,102,0.6952,720.0,dukascopy_sample
USDZAR,103,0.6075,720.0,dukascopy_sample
USDZAR,104,0.5947,720.0,dukascopy_sample
USDZAR,105,0.6057,720.0,dukascopy_sample
USDZAR,106,0.6085,720.0,dukascopy_sample
USDZAR,107,0.5991,720.0,dukascopy_sample
USDZAR,108,0.6289,720.0,dukascopy_sample
USDZAR,109,0.6351,720.0,dukascopy_sample
USDZAR,110,0.6193,720.0,dukascopy_sample
USDZAR,111,0.6312,720.0,dukascopy_sample
USDZAR,112,0.7863,717.0,dukascopy_sample
USDZAR,113,0.8312,711.0,dukascopy_sample
USDZAR,114,0.8979,684.0,dukascopy_sample
USDZAR,115,0.9495,689.0,dukascopy_sample
USDZAR,116,1.2432,625.0,dukascopy_sample
USDZAR,165,5.6937,345.0,dukascopy_sample
USDZAR,166,2.5001,639.0,dukascopy_sample
USDZAR,167,1.6664,692.0,dukascopy_sample
XAGUSD,0,1.054,778.0,dukascopy_sample
XAGUSD,1,1.0436,779.0,dukascopy_sample
XAGUSD,2,0.9928,778.0,dukascopy_sample
XAGUSD,3,0.9928,775.0,dukascopy_sample
XAGUSD,4,1.0046,836.0,dukascopy_sample
XAGUSD,5,0.9928,834.0,dukascopy_sample
XAGUSD,6,0.9928,840.0,dukascopy_sample
XAGUSD,7,0.9928,839.0,dukascopy_sample
XAGUSD,8,0.9928,839.0,dukascopy_sample
XAGUSD,9,0.981,839.0,dukascopy_sample
XAGUSD,10,0.9928,840.0,dukascopy_sample
XAGUSD,11,0.9928,838.0,dukascopy_sample
XAGUSD,12,0.981,840.0,dukascopy_sample
XAGUSD,13,0.9692,840.0,dukascopy_sample
XAGUSD,14,0.9456,840.0,dukascopy_sample
XAGUSD,15,0.9456,840.0,dukascopy_sample
XAGUSD,16,0.9574,838.0,dukascopy_sample
XAGUSD,17,0.9457,839.0,dukascopy_sample
XAGUSD,18,0.9577,836.0,dukascopy_sample
XAGUSD,19,0.993,832.0,dukascopy_sample
XAGUSD,20,1.0411,823.0,dukascopy_sample
XAGUSD,22,1.1533,814.0,dukascopy_sample
XAGUSD,23,1.1106,813.0,dukascopy_sample
XAGUSD,24,1.0636,832.0,dukascopy_sample
XAGUSD,25,1.0401,838.0,dukascopy_sample
XAGUSD,26,0.9928,839.0,dukascopy_sample
XAGUSD,27,0.9928,825.0,dukascopy_sample
XAGUSD,28,0.9928,829.0,dukascopy_sample
XAGUSD,29,0.9928,838.0,dukascopy_sample
XAGUSD,30,0.9928,838.0,dukascopy_sample
XAGUSD,31,0.981,839.0,dukascopy_sample
XAGUSD,32,0.9928,840.0,dukascopy_sample
XAGUSD,33,0.9928,839.0,dukascopy_sample
XAGUSD,34,0.9811,838.0,dukascopy_sample
XAGUSD,35,0.9928,838.0,dukascopy_sample
XAGUSD,36,0.9928,840.0,dukascopy_sample
XAGUSD,37,0.981,840.0,dukascopy_sample
XAGUSD,38,0.9337,840.0,dukascopy_sample
XAGUSD,39,0.9574,840.0,dukascopy_sample
XAGUSD,40,0.9574,839.0,dukascopy_sample
XAGUSD,41,0.9574,840.0,dukascopy_sample
XAGUSD,42,0.9459,837.0,dukascopy_sample
XAGUSD,43,0.9573,834.0,dukascopy_sample
XAGUSD,44,1.0296,809.0,dukascopy_sample
XAGUSD,46,1.2229,748.0,dukascopy_sample
XAGUSD,47,1.1172,750.0,dukascopy_sample
XAGUSD,48,1.0476,791.0,dukascopy_sample
XAGUSD,49,1.0283,840.0,dukascopy_sample
XAGUSD,50,1.0045,836.0,dukascopy_sample
XAGUSD,51,1.0046,836.0,dukascopy_sample
XAGUSD,52,0.9928,709.0,dukascopy_sample
XAGUSD,53,0.9928,715.0,dukascopy_sample
XAGUSD,54,1.0039,720.0,dukascopy_sample
XAGUSD,55,0.9928,719.0,dukascopy_sample
XAGUSD,56,0.9928,720.0,dukascopy_sample
XAGUSD,57,1.0039,720.0,dukascopy_sample
XAGUSD,58,0.9928,720.0,dukascopy_sample
XAGUSD,59,0.9928,720.0,dukascopy_sample
XAGUSD,60,0.9928,720.0,dukascopy_sample
XAGUSD,61,0.9818,720.0,dukascopy_sample
XAGUSD,62,0.9487,720.0,dukascopy_sample
XAGUSD,63,0.9597,720.0,dukascopy_sample
XAGUSD,64,0.9599,718.0,dukascopy_sample
XAGUSD,65,0.9487,720.0,dukascopy_sample
XAGUSD,66,0.9585,688.0,dukascopy_sample
XAGUSD,67,0.9448,659.0,dukascopy_sample
XAGUSD,68,1.0418,644.0,dukascopy_sample
XAGUSD,70,1.0932,709.0,dukascopy_sample
XAGUSD,71,1.1034,708.0,dukascopy_sample
XAGUSD,72,1.026,718.0,dukascopy_sample
XAGUSD,73,1.0039,719.0,dukascopy_sample
XAGUSD,74,0.9928,717.0,dukascopy_sample
XAGUSD,75,0.9928,710.0,dukascopy_sample
XAGUSD,76,0.9928,715.0,dukascopy_sample
XAGUSD,77,0.9928,716.0,dukascopy_sample
XAGUSD,78,0.9928,719.0,dukascopy_sample
XAGUSD,79,0.9928,720.0,dukascopy_sample
XAGUSD,80,0.9818,720.0,dukascopy_sample
XAGUSD,81,0.9818,720.0,dukascopy_sample
XAGUSD,82,0.9928,717.0,dukascopy_sample
XAGUSD,83,0.9928,720.0,dukascopy_sample
XAGUSD,84,0.9928,720.0,dukascopy_sample
XAGUSD,85,0.9928,719.0,dukascopy_sample
XAGUSD,86,0.9597,720.0,dukascopy_sample
XAGUSD,87,0.9487,720.0,dukascopy_sample
XAGUSD,88,0.9597,720.0,dukascopy_sample
XAGUSD,89,0.9597,720.0,dukascopy_sample
XAGUSD,90,0.971,716.0,dukascopy_sample
XAGUSD,91,0.9598,718.0,dukascopy_sample
XAGUSD,92,1.0055,694.0,dukascopy_sample
XAGUSD,94,1.1262,700.0,dukascopy_sample
XAGUSD,95,1.1038,704.0,dukascopy_sample
XAGUSD,96,1.037,719.0,dukascopy_sample
XAGUSD,97,1.0148,719.0,dukascopy_sample
XAGUSD,98,0.9928,719.0,dukascopy_sample
XAGUSD,99,0.9928,711.0,dukascopy_sample
XAGUSD,100,1.0035,708.0,dukascopy_sample
XAGUSD,101,1.0036,710.0,dukascopy_sample
XAGUSD,102,1.0093,718.0,dukascopy_sample
XAGUSD,103,0.9928,719.0,dukascopy_sample
XAGUSD,104,0.9928,719.0,dukascopy_sample
XAGUSD,105,0.9928,720.0,dukascopy_sample
XAGUSD,106,0.9928,717.0,dukascopy_sample
XAGUSD,107,0.9928,719.0,dukascopy_sample
XAGUSD,108,0.9818,720.0,dukascopy_sample
XAGUSD,109,0.9708,720.0,dukascopy_sample
XAGUSD,110,0.9487,720.0,dukascopy_sample
XAGUSD,111,0.9377,720.0,dukascopy_sample
XAGUSD,112,0.9487,720.0,dukascopy_sample
XAGUSD,113,0.9487,720.0,dukascopy_sample
XAGUSD,114,0.9486,719.0,dukascopy_sample
XAGUSD,115,0.9599,717.0,dukascopy_sample
XAGUSD,116,1.0488,710.0,dukascopy_sample
XAGUSD,166,1.2067,776.0,dukascopy_sample
XAGUSD,167,1.1144,771.0,dukascopy_sample
XAUUSD,0,1.1184,780.0,dukascopy_sample
XAUUSD,1,1.0779,780.0,dukascopy_sample
XAUUSD,2,1.0416,780.0,dukascopy_sample
XAUUSD,3,1.0539,780.0,dukascopy_sample
XAUUSD,4,1.051,841.0,dukascopy_sample
XAUUSD,5,1.0464,840.0,dukascopy_sample
XAUUSD,6,1.0061,840.0,dukascopy_sample
XAUUSD,7,0.9856,840.0,dukascopy_sample
XAUUSD,8,0.9663,840.0,dukascopy_sample
XAUUSD,9,0.9667,840.0,dukascopy_sample
XAUUSD,10,0.9565,840.0,dukascopy_sample
XAUUSD,11,0.9308,840.0,dukascopy_sample
XAUUSD,12,0.9317,840.0,dukascopy_sample
XAUUSD,13,0.9252,840.0,dukascopy_sample
XAUUSD,14,0.9137,840.0,dukascopy_sample
XAUUSD,15,0.8945,840.0,dukascopy_sample
XAUUSD,16,0.8936,840.0,dukascopy_sample
XAUUSD,17,0.8907,840.0,dukascopy_sample
XAUUSD,18,0.8984,840.0,dukascopy_sample
XAUUSD,19,0.8963,840.0,dukascopy_sample
XAUUSD,20,0.9838,840.0,dukascopy_sample
XAUUSD,22,1.2973,840.0,dukascopy_sample
XAUUSD,23,1.1436,839.0,dukascopy_sample
XAUUSD,24,0.9924,840.0,dukascopy_sample
XAUUSD,25,1.0256,840.0,dukascopy_sample
XAUUSD,26,1.0446,840.0,dukascopy_sample
XAUUSD,27,1.0188,840.0,dukascopy_sample
XAUUSD,28,1.0565,840.0,dukascopy_sample
XAUUSD,29,1.0372,840.0,dukascopy_sample
XAUUSD,30,0.9699,840.0,dukascopy_sample
XAUUSD,31,0.9683,840.0,dukascopy_sample
XAUUSD,32,0.9704,840.0,dukascopy_sample
XAUUSD,33,0.9846,840.0,dukascopy_sample
XAUUSD,34,0.946,840.0,dukascopy_sample
XAUUSD,35,0.9768,840.0,dukascopy_sample
XAUUSD,36,0.9782,840.0,dukascopy_sample
XAUUSD,37,0.9409,840.0,dukascopy_sample
XAUUSD,38,0.939,840.0,dukascopy_sample
XAUUSD,39,0.941,840.0,dukascopy_sample
XAUUSD,40,0.9386,840.0,dukascopy_sample
XAUUSD,41,0.8967,840.0,dukascopy_sample
XAUUSD,42,0.9276,840.0,dukascopy_sample
XAUUSD,43,0.9362,840.0,dukascopy_sample
XAUUSD,44,0.9834,840.0,dukascopy_sample
XAUUSD,46,1.4148,780.0,dukascopy_sample
XAUUSD,47,1.2932,779.0,dukascopy_sample
XAUUSD,48,1.0816,795.0,dukascopy_sample
XAUUSD,49,1.0284,840.0,dukascopy_sample
XAUUSD,50,1.0412,840.0,dukascopy_sample
XAUUSD,51,1.0547,840.0,dukascopy_sample
XAUUSD,52,1.075,722.0,dukascopy_sample
XAUUSD,53,1.0274,719.0,dukascopy_sample
XAUUSD,54,1.0088,720.0,dukascopy_sample
XAUUSD,55,0.9907,720.0,dukascopy_sample
XAUUSD,56,0.9615,720.0,dukascopy_sample
XAUUSD,57,0.9817,720.0,dukascopy_sample
XAUUSD,58,0.9761,720.0,dukascopy_sample
XAUUSD,59,0.9607,720.0,dukascopy_sample
XAUUSD,60,0.9615,720.0,dukascopy_sample
XAUUSD,61,0.946,720.0,dukascopy_sample
XAUUSD,62,0.9254,720.0,dukascopy_sample
XAUUSD,63,0.9263,720.0,dukascopy_sample
XAUUSD,64,0.9022,720.0,dukascopy_sample
XAUUSD,65,0.91,720.0,dukascopy_sample
XAUUSD,66,0.9531,690.0,dukascopy_sample
XAUUSD,67,0.9021,660.0,dukascopy_sample
XAUUSD,68,0.9947,660.0,dukascopy_sample
XAUUSD,70,1.3264,718.0,dukascopy_sample
XAUUSD,71,1.1587,720.0,dukascopy_sample
XAUUSD,72,1.0118,720.0,dukascopy_sample
XAUUSD,73,1.0315,720.0,dukascopy_sample
XAUUSD,74,1.0182,720.0,dukascopy_sample
XAUUSD,75,0.9675,720.0,dukascopy_sample
XAUUSD,76,1.0315,720.0,dukascopy_sample
XAUUSD,77,0.9912,720.0,dukascopy_sample
XAUUSD,78,0.9628,720.0,dukascopy_sample
XAUUSD,79,0.9787,720.0,dukascopy_sample
XAUUSD,80,0.9529,720.0,dukascopy_sample
XAUUSD,81,0.9869,720.0,dukascopy_sample
XAUUSD,82,0.9804,720.0,dukascopy_sample
XAUUSD,83,0.9482,720.0,dukascopy_sample
XAUUSD,84,0.9718,720.0,dukascopy_sample
XAUUSD,85,0.9533,720.0,dukascopy_sample
XAUUSD,86,0.9542,720.0,dukascopy_sample
XAUUSD,87,0.9332,720.0,dukascopy_sample
XAUUSD,88,0.8764,720.0,dukascopy_sample
XAUUSD,89,0.8988,720.0,dukascopy_sample
XAUUSD,90,0.8868,720.0,dukascopy_sample
XAUUSD,91,0.9151,720.0,dukascopy_sample
XAUUSD,92,0.8875,719.0,dukascopy_sample
XAUUSD,94,1.3588,719.0,dukascopy_sample
XAUUSD,95,1.2511,720.0,dukascopy_sample
XAUUSD,96,1.1518,720.0,dukascopy_sample
XAUUSD,97,1.0775,720.0,dukascopy_sample
XAUUSD,98,1.0187,720.0,dukascopy_sample
XAUUSD,99,1.038,720.0,dukascopy_sample
XAUUSD,100,0.9937,720.0,dukascopy_sample
XAUUSD,101,1.0019,720.0,dukascopy_sample
XAUUSD,102,0.9907,720.0,dukascopy_sample
XAUUSD,103,0.9615,720.0,dukascopy_sample
XAUUSD,104,0.9289,720.0,dukascopy_sample
XAUUSD,105,0.9233,720.0,dukascopy_sample
XAUUSD,106,0.9572,720.0,dukascopy_sample
XAUUSD,107,0.9662,720.0,dukascopy_sample
XAUUSD,108,0.9589,720.0,dukascopy_sample
XAUUSD,109,0.9456,720.0,dukascopy_sample
XAUUSD,110,0.9344,720.0,dukascopy_sample
XAUUSD,111,0.9443,720.0,dukascopy_sample
XAUUSD,112,0.9194,720.0,dukascopy_sample
XAUUSD,113,0.9297,720.0,dukascopy_sample
XAUUSD,114,0.9035,720.0,dukascopy_sample
XAUUSD,115,0.9246,720.0,dukascopy_sample
XAUUSD,116,1.0174,720.0,dukascopy_sample
XAUUSD,166,1.3577,780.0,dukascopy_sample
XAUUSD,167,1.2484,778.0,dukascopy_sample
