event_id,onset_date,relative_day,bear_score,spy_close,drawdown_from_252d_high
0,2017-04-17,-30,0.0,238.4199981689453,-0.005671868451393891
0,2017-04-17,-29,0.0,237.7100067138672,-0.008632880456951653
0,2017-04-17,-28,0.0,237.0,-0.011593956099131053
0,2017-04-17,-27,0.0,236.55999755859375,-0.01342898172114404
0,2017-04-17,-26,0.0,236.86000061035156,-0.012177822102805935
0,2017-04-17,-25,0.0,237.69000244140625,-0.008716308067939993
0,2017-04-17,-24,0.0,237.80999755859375,-0.008215869675253451
0,2017-04-17,-23,0.0,236.89999389648438,-0.012011030517451005
0,2017-04-17,-22,0.0,238.9499969482422,-0.0034615140348659423
0,2017-04-17,-21,0.0,238.47999572753906,-0.00542164925505062
0,2017-04-17,-20,0.1111111111111111,237.02999877929688,-0.011468846500959473
0,2017-04-17,-19,0.1111111111111111,236.77000427246094,-0.012553150897320897
0,2017-04-17,-18,0.1111111111111111,233.72999572753906,-0.025231475029435124
0,2017-04-17,-17,0.1111111111111111,234.27999877929688,-0.022937693001918946
0,2017-04-17,-16,0.1111111111111111,234.02999877929688,-0.02398031541109702
0,2017-04-17,-15,0.1111111111111111,233.86000061035156,-0.024689291012943593
0,2017-04-17,-14,0.1111111111111111,233.6199951171875,-0.025690231434938315
0,2017-04-17,-13,0.1111111111111111,235.32000732421875,-0.01860034814322975
0,2017-04-17,-12,0.1111111111111111,235.5399932861328,-0.017682898968844896
0,2017-04-17,-11,0.1111111111111111,236.2899932861328,-0.014555031741310565
0,2017-04-17,-10,0.1111111111111111,235.74000549316406,-0.016848750132205104
0,2017-04-17,-9,0.1111111111111111,235.3300018310547,-0.0185586661560464
0,2017-04-17,-8,0.1111111111111111,235.47999572753906,-0.017933118165188167
0,2017-04-17,-7,0.1111111111111111,234.77999877929688,-0.02085244818356269
0,2017-04-17,-6,0.1111111111111111,235.44000244140625,-0.01809990975054321
0,2017-04-17,-5,0.1111111111111111,235.1999969482422,-0.01910085017253793
0,2017-04-17,-4,0.1111111111111111,235.33999633789062,-0.01851698416886305
0,2017-04-17,-3,0.4444444444444444,235.05999755859375,-0.019684716176212813
0,2017-04-17,-2,0.5555555555555555,234.02999877929688,-0.02398031541109702
0,2017-04-17,-1,0.5555555555555555,232.50999450683594,-0.030319477477154133
0,2017-04-17,0,0.5555555555555555,234.57000732421875,-0.021728215370764192
0,2017-04-17,1,0.5555555555555555,233.8699951171875,-0.024647609025760242
0,2017-04-17,2,0.5555555555555555,233.44000244140625,-0.02644088902396824
0,2017-04-17,3,0.1111111111111111,235.33999633789062,-0.01851698416886305
0,2017-04-17,4,0.5555555555555555,234.58999633789062,-0.02164485139639749
0,2017-04-17,5,0.0,237.1699981689453,-0.010884980497284591
0,2017-04-17,6,0.0,238.5500030517578,-0.00512968443490236
0,2017-04-17,7,0.0,238.39999389648438,-0.005755296062382231
0,2017-04-17,8,0.0,238.60000610351562,-0.004921147225742439
0,2017-04-17,9,0.0,238.0800018310547,-0.007089819655086926
0,2017-04-17,10,0.0,238.67999267578125,-0.004587564055032467
1,2017-05-17,-30,0.1111111111111111,235.47999572753906,-0.017933118165188167
1,2017-05-17,-29,0.1111111111111111,234.77999877929688,-0.02085244818356269
1,2017-05-17,-28,0.1111111111111111,235.44000244140625,-0.01809990975054321
1,2017-05-17,-27,0.1111111111111111,235.1999969482422,-0.01910085017253793
1,2017-05-17,-26,0.1111111111111111,235.33999633789062,-0.01851698416886305
1,2017-05-17,-25,0.4444444444444444,235.05999755859375,-0.019684716176212813
1,2017-05-17,-24,0.5555555555555555,234.02999877929688,-0.02398031541109702
1,2017-05-17,-23,0.5555555555555555,232.50999450683594,-0.030319477477154133
1,2017-05-17,-22,0.5555555555555555,234.57000732421875,-0.021728215370764192
1,2017-05-17,-21,0.5555555555555555,233.8699951171875,-0.024647609025760242
1,2017-05-17,-20,0.5555555555555555,233.44000244140625,-0.02644088902396824
1,2017-05-17,-19,0.1111111111111111,235.33999633789062,-0.01851698416886305
1,2017-05-17,-18,0.5555555555555555,234.58999633789062,-0.02164485139639749
1,2017-05-17,-17,0.0,237.1699981689453,-0.010884980497284591
1,2017-05-17,-16,0.0,238.5500030517578,-0.00512968443490236
1,2017-05-17,-15,0.0,238.39999389648438,-0.005755296062382231
1,2017-05-17,-14,0.0,238.60000610351562,-0.004921147225742439
1,2017-05-17,-13,0.0,238.0800018310547,-0.007089819655086926
1,2017-05-17,-12,0.0,238.67999267578125,-0.004587564055032467
1,2017-05-17,-11,0.0,238.77000427246094,-0.004212171623895866
1,2017-05-17,-10,0.0,238.47999572753906,-0.00542164925505062
1,2017-05-17,-9,0.0,238.75999450683594,-0.004253917247700856
1,2017-05-17,-8,0.0,239.6999969482422,-0.00033364680733161123
1,2017-05-17,-7,0.0,239.66000366210938,-0.0005004383926865419
1,2017-05-17,-6,0.0,239.44000244140625,-0.0014179512036930353
1,2017-05-17,-5,0.0,239.8699951171875,0.0
1,2017-05-17,-4,0.0,239.3800048828125,-0.002042732498225175
1,2017-05-17,-3,0.0,238.97999572753906,-0.003710340633532039
1,2017-05-17,-2,0.0,240.3000030517578,0.0
1,2017-05-17,-1,0.0,240.0800018310547,-0.0009155273321229673
1,2017-05-17,0,0.5555555555555555,235.82000732421875,-0.018643344447124788
1,2017-05-17,1,0.4444444444444444,236.77000427246094,-0.014689965603273625
1,2017-05-17,2,0.1111111111111111,238.30999755859375,-0.008281337777325981
1,2017-05-17,3,0.0,239.52000427246094,-0.003245937450649383
1,2017-05-17,4,0.0,240.0500030517578,-0.0010403661956931431
1,2017-05-17,5,0.0,240.61000061035156,0.0
1,2017-05-17,6,0.0,241.75999450683594,0.0
1,2017-05-17,7,0.0,241.7100067138672,-0.00020676619004200703
1,2017-05-17,8,0.0,241.5,-0.0010754240269003068
1,2017-05-17,9,0.0,241.44000244140625,-0.0013235939473047464
1,2017-05-17,10,0.0,243.36000061035156,0.0
2,2017-08-11,-30,0.1111111111111111,241.35000610351562,-0.013528968809977893
2,2017-08-11,-29,0.1111111111111111,241.8000030517578,-0.011689694136935436
2,2017-08-11,-28,0.1111111111111111,242.2100067138672,-0.010013884213072255
2,2017-08-11,-27,0.1111111111111111,242.77000427246094,-0.007725003520635321
2,2017-08-11,-26,0.2222222222222222,240.5500030517578,-0.016798825099454073
2,2017-08-11,-25,0.1111111111111111,242.11000061035156,-0.010422639637002185
2,2017-08-11,-24,0.1111111111111111,242.3699951171875,-0.009359962849034065
2,2017-08-11,-23,0.1111111111111111,242.19000244140625,-0.010095647771322436
2,2017-08-11,-22,0.0,244.00999450683594,-0.002656785520902427
2,2017-08-11,-21,0.0,244.4199981689453,-0.0009809755970392464
2,2017-08-11,-20,0.0,245.55999755859375,0.0
2,2017-08-11,-19,0.0,245.52999877929688,-0.00012216476459980807
2,2017-08-11,-18,0.0,245.66000366210938,0.0
2,2017-08-11,-17,0.0,246.99000549316406,0.0
2,2017-08-11,-16,0.0,247.10000610351562,0.0
2,2017-08-11,-15,0.0,246.8800048828125,-0.0008903327206352118
2,2017-08-11,-14,0.0,246.82000732421875,-0.0011331395078135742
2,2017-08-11,-13,0.0,247.4199981689453,0.0
2,2017-08-11,-12,0.0,247.42999267578125,0.0
2,2017-08-11,-11,0.0,247.1999969482422,-0.0009295385941365808
2,2017-08-11,-10,0.0,246.91000366210938,-0.0021015601546464646
2,2017-08-11,-9,0.0,246.77000427246094,-0.0026673742992230354
2,2017-08-11,-8,0.0,247.32000732421875,-0.00044451099227338364
2,2017-08-11,-7,0.0,247.44000244140625,0.0
2,2017-08-11,-6,0.0,246.9600067138672,-0.001939846923711186
2,2017-08-11,-5,0.0,247.41000366210938,-0.00012123657856810688
2,2017-08-11,-4,0.0,247.8699951171875,0.0
2,2017-08-11,-3,0.0,247.25999450683594,-0.002460969953475667
2,2017-08-11,-2,0.0,247.25,-0.0025012915213653564
2,2017-08-11,-1,0.5555555555555555,243.75999450683594,-0.016581275230220793
2,2017-08-11,0,0.5555555555555555,244.1199951171875,-0.01512889851079835
2,2017-08-11,1,0.1111111111111111,246.5399932861328,-0.005365723392320554
2,2017-08-11,2,0.1111111111111111,246.50999450683594,-0.005486749655635337
2,2017-08-11,3,0.0,246.94000244140625,-0.0037519372820480346
2,2017-08-11,4,0.5555555555555555,243.08999633789062,-0.019284297710325915
2,2017-08-11,5,0.5555555555555555,242.7100067138672,-0.020817317565527738
2,2017-08-11,6,0.5555555555555555,242.89999389648438,-0.020050838417749683
2,2017-08-11,7,0.1111111111111111,245.44000244140625,-0.009803496686367374
2,2017-08-11,8,0.2222222222222222,244.55999755859375,-0.013353764569321358
2,2017-08-11,9,0.2222222222222222,243.99000549316406,-0.01565332513194695
2,2017-08-11,10,0.2222222222222222,244.55999755859375,-0.013353764569321358
3,2017-08-17,-30,0.2222222222222222,240.5500030517578,-0.016798825099454073
3,2017-08-17,-29,0.1111111111111111,242.11000061035156,-0.010422639637002185
3,2017-08-17,-28,0.1111111111111111,242.3699951171875,-0.009359962849034065
3,2017-08-17,-27,0.1111111111111111,242.19000244140625,-0.010095647771322436
3,2017-08-17,-26,0.0,244.00999450683594,-0.002656785520902427
3,2017-08-17,-25,0.0,244.4199981689453,-0.0009809755970392464
3,2017-08-17,-24,0.0,245.55999755859375,0.0
3,2017-08-17,-23,0.0,245.52999877929688,-0.00012216476459980807
3,2017-08-17,-22,0.0,245.66000366210938,0.0
3,2017-08-17,-21,0.0,246.99000549316406,0.0
3,2017-08-17,-20,0.0,247.10000610351562,0.0
3,2017-08-17,-19,0.0,246.8800048828125,-0.0008903327206352118
3,2017-08-17,-18,0.0,246.82000732421875,-0.0011331395078135742
3,2017-08-17,-17,0.0,247.4199981689453,0.0
3,2017-08-17,-16,0.0,247.42999267578125,0.0
3,2017-08-17,-15,0.0,247.1999969482422,-0.0009295385941365808
3,2017-08-17,-14,0.0,246.91000366210938,-0.0021015601546464646
3,2017-08-17,-13,0.0,246.77000427246094,-0.0026673742992230354
3,2017-08-17,-12,0.0,247.32000732421875,-0.00044451099227338364
3,2017-08-17,-11,0.0,247.44000244140625,0.0
3,2017-08-17,-10,0.0,246.9600067138672,-0.001939846923711186
3,2017-08-17,-9,0.0,247.41000366210938,-0.00012123657856810688
3,2017-08-17,-8,0.0,247.8699951171875,0.0
3,2017-08-17,-7,0.0,247.25999450683594,-0.002460969953475667
3,2017-08-17,-6,0.0,247.25,-0.0025012915213653564
3,2017-08-17,-5,0.5555555555555555,243.75999450683594,-0.016581275230220793
3,2017-08-17,-4,0.5555555555555555,244.1199951171875,-0.01512889851079835
3,2017-08-17,-3,0.1111111111111111,246.5399932861328,-0.005365723392320554
3,2017-08-17,-2,0.1111111111111111,246.50999450683594,-0.005486749655635337
3,2017-08-17,-1,0.0,246.94000244140625,-0.0037519372820480346
3,2017-08-17,0,0.5555555555555555,243.08999633789062,-0.019284297710325915
3,2017-08-17,1,0.5555555555555555,242.7100067138672,-0.020817317565527738
3,2017-08-17,2,0.5555555555555555,242.89999389648438,-0.020050838417749683
3,2017-08-17,3,0.1111111111111111,245.44000244140625,-0.009803496686367374
3,2017-08-17,4,0.2222222222222222,244.55999755859375,-0.013353764569321358
3,2017-08-17,5,0.2222222222222222,243.99000549316406,-0.01565332513194695
3,2017-08-17,6,0.2222222222222222,244.55999755859375,-0.013353764569321358
3,2017-08-17,7,0.2222222222222222,244.57000732421875,-0.013313381441785954
3,2017-08-17,8,0.1111111111111111,244.85000610351562,-0.012183761944418059
3,2017-08-17,9,0.0,246.00999450683594,-0.007503936123741783
3,2017-08-17,10,0.0,247.49000549316406,-0.0015330198552018226
4,2018-02-12,-30,0.0,267.8699951171875,-0.0012304887204441783
4,2018-02-12,-29,0.0,266.8599853515625,-0.004996371344063721
4,2018-02-12,-28,0.0,268.7699890136719,0.0
4,2018-02-12,-27,0.0,270.4700012207031,0.0
4,2018-02-12,-26,0.0,271.6099853515625,0.0
4,2018-02-12,-25,0.0,273.4200134277344,0.0
4,2018-02-12,-24,0.0,273.9200134277344,0.0
4,2018-02-12,-23,0.0,274.5400085449219,0.0
4,2018-02-12,-22,0.0,274.1199951171875,-0.0015298805808321436
4,2018-02-12,-21,0.0,276.1199951171875,0.0
4,2018-02-12,-20,0.0,277.9200134277344,0.0
4,2018-02-12,-19,0.3333333333333333,276.9700012207031,-0.0034182936137424624
4,2018-02-12,-18,0.3333333333333333,279.6099853515625,0.0
4,2018-02-12,-17,0.3333333333333333,279.1400146484375,-0.0016808080102507228
4,2018-02-12,-16,0.0,280.4100036621094,0.0
4,2018-02-12,-15,0.0,282.69000244140625,0.0
4,2018-02-12,-14,0.0,283.2900085449219,0.0
4,2018-02-12,-13,0.3333333333333333,283.17999267578125,-0.00038835068594800237
4,2018-02-12,-12,0.3333333333333333,283.29998779296875,0.0
4,2018-02-12,-11,0.0,286.5799865722656,0.0
4,2018-02-12,-10,0.3333333333333333,284.67999267578125,-0.00662989038142503
4,2018-02-12,-9,0.3333333333333333,281.760009765625,-0.016818958170427556
4,2018-02-12,-8,0.3333333333333333,281.8999938964844,-0.016330493736697593
4,2018-02-12,-7,0.3333333333333333,281.5799865722656,-0.017447135997890717
4,2018-02-12,-6,0.4444444444444444,275.45001220703125,-0.03883723528065619
4,2018-02-12,-5,0.5555555555555555,263.92999267578125,-0.0790355047726713
4,2018-02-12,-4,0.5555555555555555,269.1300048828125,-0.06089044073931815
4,2018-02-12,-3,0.5555555555555555,267.6700134277344,-0.06598497463381936
4,2018-02-12,-2,0.5555555555555555,257.6300048828125,-0.10101885353446671
4,2018-02-12,-1,0.5555555555555555,261.5,-0.08751478731031803
4,2018-02-12,0,0.5555555555555555,265.3399963378906,-0.07411539964260205
4,2018-02-12,1,0.5555555555555555,266.0,-0.07181236491221643
4,2018-02-12,2,0.5555555555555555,269.5899963378906,-0.059285334044394955
4,2018-02-12,3,0.4444444444444444,273.0299987792969,-0.04728169595873688
4,2018-02-12,4,0.4444444444444444,273.1099853515625,-0.0470025886378721
4,2018-02-12,5,0.5555555555555555,271.3999938964844,-0.05296947933226792
4,2018-02-12,6,0.5555555555555555,270.04998779296875,-0.05768022734947187
4,2018-02-12,7,0.5555555555555555,270.3999938964844,-0.05645890653184604
4,2018-02-12,8,0.3333333333333333,274.7099914550781,-0.04141948382077365
4,2018-02-12,9,0.3333333333333333,277.8999938964844,-0.030288202535010078
4,2018-02-12,10,0.6666666666666666,274.42999267578125,-0.042396519177100855
5,2018-02-22,-30,0.0,274.5400085449219,0.0
5,2018-02-22,-29,0.0,274.1199951171875,-0.0015298805808321436
5,2018-02-22,-28,0.0,276.1199951171875,0.0
5,2018-02-22,-27,0.0,277.9200134277344,0.0
5,2018-02-22,-26,0.3333333333333333,276.9700012207031,-0.0034182936137424624
5,2018-02-22,-25,0.3333333333333333,279.6099853515625,0.0
5,2018-02-22,-24,0.3333333333333333,279.1400146484375,-0.0016808080102507228
5,2018-02-22,-23,0.0,280.4100036621094,0.0
5,2018-02-22,-22,0.0,282.69000244140625,0.0
5,2018-02-22,-21,0.0,283.2900085449219,0.0
5,2018-02-22,-20,0.3333333333333333,283.17999267578125,-0.00038835068594800237
5,2018-02-22,-19,0.3333333333333333,283.29998779296875,0.0
5,2018-02-22,-18,0.0,286.5799865722656,0.0
5,2018-02-22,-17,0.3333333333333333,284.67999267578125,-0.00662989038142503
5,2018-02-22,-16,0.3333333333333333,281.760009765625,-0.016818958170427556
5,2018-02-22,-15,0.3333333333333333,281.8999938964844,-0.016330493736697593
5,2018-02-22,-14,0.3333333333333333,281.5799865722656,-0.017447135997890717
5,2018-02-22,-13,0.4444444444444444,275.45001220703125,-0.03883723528065619
5,2018-02-22,-12,0.5555555555555555,263.92999267578125,-0.0790355047726713
5,2018-02-22,-11,0.5555555555555555,269.1300048828125,-0.06089044073931815
5,2018-02-22,-10,0.5555555555555555,267.6700134277344,-0.06598497463381936
5,2018-02-22,-9,0.5555555555555555,257.6300048828125,-0.10101885353446671
5,2018-02-22,-8,0.5555555555555555,261.5,-0.08751478731031803
5,2018-02-22,-7,0.5555555555555555,265.3399963378906,-0.07411539964260205
5,2018-02-22,-6,0.5555555555555555,266.0,-0.07181236491221643
5,2018-02-22,-5,0.5555555555555555,269.5899963378906,-0.059285334044394955
5,2018-02-22,-4,0.4444444444444444,273.0299987792969,-0.04728169595873688
5,2018-02-22,-3,0.4444444444444444,273.1099853515625,-0.0470025886378721
5,2018-02-22,-2,0.5555555555555555,271.3999938964844,-0.05296947933226792
5,2018-02-22,-1,0.5555555555555555,270.04998779296875,-0.05768022734947187
5,2018-02-22,0,0.5555555555555555,270.3999938964844,-0.05645890653184604
5,2018-02-22,1,0.3333333333333333,274.7099914550781,-0.04141948382077365
5,2018-02-22,2,0.3333333333333333,277.8999938964844,-0.030288202535010078
5,2018-02-22,3,0.6666666666666666,274.42999267578125,-0.042396519177100855
5,2018-02-22,4,0.7777777777777778,271.6499938964844,-0.05209712253237342
5,2018-02-22,5,0.8888888888888888,267.70001220703125,-0.06588029607738677
5,2018-02-22,6,0.8888888888888888,269.0799865722656,-0.06106497599261729
5,2018-02-22,7,0.7777777777777778,272.19000244140625,-0.050212802027718384
5,2018-02-22,8,0.7777777777777778,272.8800048828125,-0.04780508874090017
5,2018-02-22,9,0.7777777777777778,272.7799987792969,-0.04815405275863138
5,2018-02-22,10,0.6666666666666666,274.1000061035156,-0.04354798329786014
6,2018-02-27,-30,0.0,277.9200134277344,0.0
6,2018-02-27,-29,0.3333333333333333,276.9700012207031,-0.0034182936137424624
6,2018-02-27,-28,0.3333333333333333,279.6099853515625,0.0
6,2018-02-27,-27,0.3333333333333333,279.1400146484375,-0.0016808080102507228
6,2018-02-27,-26,0.0,280.4100036621094,0.0
6,2018-02-27,-25,0.0,282.69000244140625,0.0
6,2018-02-27,-24,0.0,283.2900085449219,0.0
6,2018-02-27,-23,0.3333333333333333,283.17999267578125,-0.00038835068594800237
6,2018-02-27,-22,0.3333333333333333,283.29998779296875,0.0
6,2018-02-27,-21,0.0,286.5799865722656,0.0
6,2018-02-27,-20,0.3333333333333333,284.67999267578125,-0.00662989038142503
6,2018-02-27,-19,0.3333333333333333,281.760009765625,-0.016818958170427556
6,2018-02-27,-18,0.3333333333333333,281.8999938964844,-0.016330493736697593
6,2018-02-27,-17,0.3333333333333333,281.5799865722656,-0.017447135997890717
6,2018-02-27,-16,0.4444444444444444,275.45001220703125,-0.03883723528065619
6,2018-02-27,-15,0.5555555555555555,263.92999267578125,-0.0790355047726713
6,2018-02-27,-14,0.5555555555555555,269.1300048828125,-0.06089044073931815
6,2018-02-27,-13,0.5555555555555555,267.6700134277344,-0.06598497463381936
6,2018-02-27,-12,0.5555555555555555,257.6300048828125,-0.10101885353446671
6,2018-02-27,-11,0.5555555555555555,261.5,-0.08751478731031803
6,2018-02-27,-10,0.5555555555555555,265.3399963378906,-0.07411539964260205
6,2018-02-27,-9,0.5555555555555555,266.0,-0.07181236491221643
6,2018-02-27,-8,0.5555555555555555,269.5899963378906,-0.059285334044394955
6,2018-02-27,-7,0.4444444444444444,273.0299987792969,-0.04728169595873688
6,2018-02-27,-6,0.4444444444444444,273.1099853515625,-0.0470025886378721
6,2018-02-27,-5,0.5555555555555555,271.3999938964844,-0.05296947933226792
6,2018-02-27,-4,0.5555555555555555,270.04998779296875,-0.05768022734947187
6,2018-02-27,-3,0.5555555555555555,270.3999938964844,-0.05645890653184604
6,2018-02-27,-2,0.3333333333333333,274.7099914550781,-0.04141948382077365
6,2018-02-27,-1,0.3333333333333333,277.8999938964844,-0.030288202535010078
6,2018-02-27,0,0.6666666666666666,274.42999267578125,-0.042396519177100855
6,2018-02-27,1,0.7777777777777778,271.6499938964844,-0.05209712253237342
6,2018-02-27,2,0.8888888888888888,267.70001220703125,-0.06588029607738677
6,2018-02-27,3,0.8888888888888888,269.0799865722656,-0.06106497599261729
6,2018-02-27,4,0.7777777777777778,272.19000244140625,-0.050212802027718384
6,2018-02-27,5,0.7777777777777778,272.8800048828125,-0.04780508874090017
6,2018-02-27,6,0.7777777777777778,272.7799987792969,-0.04815405275863138
6,2018-02-27,7,0.6666666666666666,274.1000061035156,-0.04354798329786014
6,2018-02-27,8,0.6666666666666666,278.8699951171875,-0.02690345389186455
6,2018-02-27,9,0.3333333333333333,278.5199890136719,-0.028124774709490374
6,2018-02-27,10,0.3333333333333333,276.7200012207031,-0.03440570107318419
7,2018-04-06,-30,0.5555555555555555,270.3999938964844,-0.05645890653184604
7,2018-04-06,-29,0.3333333333333333,274.7099914550781,-0.04141948382077365
7,2018-04-06,-28,0.3333333333333333,277.8999938964844,-0.030288202535010078
7,2018-04-06,-27,0.6666666666666666,274.42999267578125,-0.042396519177100855
7,2018-04-06,-26,0.7777777777777778,271.6499938964844,-0.05209712253237342
7,2018-04-06,-25,0.8888888888888888,267.70001220703125,-0.06588029607738677
7,2018-04-06,-24,0.8888888888888888,269.0799865722656,-0.06106497599261729
7,2018-04-06,-23,0.7777777777777778,272.19000244140625,-0.050212802027718384
7,2018-04-06,-22,0.7777777777777778,272.8800048828125,-0.04780508874090017
7,2018-04-06,-21,0.7777777777777778,272.7799987792969,-0.04815405275863138
7,2018-04-06,-20,0.6666666666666666,274.1000061035156,-0.04354798329786014
7,2018-04-06,-19,0.6666666666666666,278.8699951171875,-0.02690345389186455
7,2018-04-06,-18,0.3333333333333333,278.5199890136719,-0.028124774709490374
7,2018-04-06,-17,0.3333333333333333,276.7200012207031,-0.03440570107318419
7,2018-04-06,-16,0.3333333333333333,275.29998779296875,-0.03936073455168665
7,2018-04-06,-15,0.3333333333333333,275.0,-0.04040752011601323
7,2018-04-06,-14,0.4444444444444444,274.20001220703125,-0.043199019280128814
7,2018-04-06,-13,0.5555555555555555,270.489990234375,-0.05614487086254816
7,2018-04-06,-12,0.5555555555555555,270.95001220703125,-0.05453965767875779
7,2018-04-06,-11,0.5555555555555555,270.42999267578125,-0.05635422797541345
7,2018-04-06,-10,0.5555555555555555,263.6700134277344,-0.07994268343213196
7,2018-04-06,-9,0.6666666666666666,258.04998779296875,-0.09955335374440943
7,2018-04-06,-8,0.5555555555555555,265.1099853515625,-0.07491800623449718
7,2018-04-06,-7,0.5555555555555555,260.6000061035156,-0.09065525049216494
7,2018-04-06,-6,0.5555555555555555,259.8299865722656,-0.0933421775887151
7,2018-04-06,-5,0.5555555555555555,263.1499938964844,-0.0817572537287875
7,2018-04-06,-4,0.6666666666666666,257.4700012207031,-0.10157717466506322
7,2018-04-06,-3,0.5555555555555555,260.7699890136719,-0.09006210750200228
7,2018-04-06,-2,0.5555555555555555,263.55999755859375,-0.0803265757982965
7,2018-04-06,-1,0.5555555555555555,265.6400146484375,-0.0730685075894083
7,2018-04-06,0,0.5555555555555555,259.7200012207031,-0.09372596346601247
7,2018-04-06,1,0.8888888888888888,261.0,-0.08925950091010715
7,2018-04-06,2,0.8888888888888888,265.1499938964844,-0.07477839932963126
7,2018-04-06,3,0.8888888888888888,263.760009765625,-0.07962864776283396
7,2018-04-06,4,0.7777777777777778,265.92999267578125,-0.07205665037351505
7,2018-04-06,5,0.7777777777777778,265.1499938964844,-0.07477839932963126
7,2018-04-06,6,0.7777777777777778,267.3299865722656,-0.06717147359187903
7,2018-04-06,7,0.6666666666666666,270.19000244140625,-0.057191656426874626
7,2018-04-06,8,0.6666666666666666,270.3900146484375,-0.0564937283914122
7,2018-04-06,9,0.6666666666666666,268.8900146484375,-0.06172786919077944
7,2018-04-06,10,0.7777777777777778,266.6099853515625,-0.06968386543513005
8,2018-04-30,-30,0.4444444444444444,274.20001220703125,-0.043199019280128814
8,2018-04-30,-29,0.5555555555555555,270.489990234375,-0.05614487086254816
8,2018-04-30,-28,0.5555555555555555,270.95001220703125,-0.05453965767875779
8,2018-04-30,-27,0.5555555555555555,270.42999267578125,-0.05635422797541345
8,2018-04-30,-26,0.5555555555555555,263.6700134277344,-0.07994268343213196
8,2018-04-30,-25,0.6666666666666666,258.04998779296875,-0.09955335374440943
8,2018-04-30,-24,0.5555555555555555,265.1099853515625,-0.07491800623449718
8,2018-04-30,-23,0.5555555555555555,260.6000061035156,-0.09065525049216494
8,2018-04-30,-22,0.5555555555555555,259.8299865722656,-0.0933421775887151
8,2018-04-30,-21,0.5555555555555555,263.1499938964844,-0.0817572537287875
8,2018-04-30,-20,0.6666666666666666,257.4700012207031,-0.10157717466506322
8,2018-04-30,-19,0.5555555555555555,260.7699890136719,-0.09006210750200228
8,2018-04-30,-18,0.5555555555555555,263.55999755859375,-0.0803265757982965
8,2018-04-30,-17,0.5555555555555555,265.6400146484375,-0.0730685075894083
8,2018-04-30,-16,0.5555555555555555,259.7200012207031,-0.09372596346601247
8,2018-04-30,-15,0.8888888888888888,261.0,-0.08925950091010715
8,2018-04-30,-14,0.8888888888888888,265.1499938964844,-0.07477839932963126
8,2018-04-30,-13,0.8888888888888888,263.760009765625,-0.07962864776283396
8,2018-04-30,-12,0.7777777777777778,265.92999267578125,-0.07205665037351505
8,2018-04-30,-11,0.7777777777777778,265.1499938964844,-0.07477839932963126
8,2018-04-30,-10,0.7777777777777778,267.3299865722656,-0.06717147359187903
8,2018-04-30,-9,0.6666666666666666,270.19000244140625,-0.057191656426874626
8,2018-04-30,-8,0.6666666666666666,270.3900146484375,-0.0564937283914122
8,2018-04-30,-7,0.6666666666666666,268.8900146484375,-0.06172786919077944
8,2018-04-30,-6,0.7777777777777778,266.6099853515625,-0.06968386543513005
8,2018-04-30,-5,0.7777777777777778,266.57000732421875,-0.0698233658511288
8,2018-04-30,-4,0.8888888888888888,262.9800109863281,-0.08235039671895017
8,2018-04-30,-3,0.8888888888888888,263.6300048828125,-0.08008229033699787
8,2018-04-30,-2,0.4444444444444444,266.30999755859375,-0.07073065099945663
8,2018-04-30,-1,0.4444444444444444,266.55999755859375,-0.06985829419956202
8,2018-04-30,0,0.5555555555555555,264.510009765625,-0.07701157736315034
8,2018-04-30,1,0.5555555555555555,264.9800109863281,-0.07537154231979393
8,2018-04-30,2,0.5555555555555555,263.20001220703125,-0.08158271847548837
8,2018-04-30,3,0.5555555555555555,262.6199951171875,-0.08360664588500932
8,2018-04-30,4,0.4444444444444444,266.0199890136719,-0.07174261470421706
8,2018-04-30,5,0.4444444444444444,266.9200134277344,-0.06860204503350298
8,2018-04-30,6,0.4444444444444444,266.9200134277344,-0.06860204503350298
8,2018-04-30,7,0.0,269.5,-0.05959936971369295
8,2018-04-30,8,0.0,272.0199890136719,-0.05080605150674822
8,2018-04-30,9,0.0,272.8500061035156,-0.04790976729733276
8,2018-04-30,10,0.0,272.9800109863281,-0.04745612472316885
9,2018-06-25,-30,0.0,272.8500061035156,-0.04790976729733276
9,2018-06-25,-29,0.0,272.9800109863281,-0.04745612472316885
9,2018-06-25,-28,0.3333333333333333,271.1000061035156,-0.0540162648965945
9,2018-06-25,-27,0.0,272.239990234375,-0.05003837326328642
9,2018-06-25,-26,0.0,272.010009765625,-0.050840873366314376
9,2018-06-25,-25,0.0,271.3299865722656,-0.05321376479356654
9,2018-06-25,-24,0.0,273.3699951171875,-0.04609530348954438
9,2018-06-25,-23,0.0,272.6099853515625,-0.048747302237661216
9,2018-06-25,-22,0.0,273.3599853515625,-0.0461302318379776
9,2018-06-25,-21,0.0,272.79998779296875,-0.04808430255063201
9,2018-06-25,-20,0.0,272.1499938964844,-0.0503524089325843
9,2018-06-25,-19,0.4444444444444444,269.0199890136719,-0.06127433310548269
9,2018-06-25,-18,0.3333333333333333,272.6099853515625,-0.048747302237661216
9,2018-06-25,-17,0.3333333333333333,270.94000244140625,-0.05457458602719112
9,2018-06-25,-16,0.0,273.6000061035156,-0.04529269689764914
9,2018-06-25,-15,0.0,274.8999938964844,-0.04075648413374444
9,2018-06-25,-14,0.0,275.1000061035156,-0.04005855609828202
9,2018-06-25,-13,0.0,277.3999938964844,-0.032032916134799194
9,2018-06-25,-12,0.0,277.3699951171875,-0.032137594691231786
9,2018-06-25,-11,0.0,278.19000244140625,-0.029276238830249657
9,2018-06-25,-10,0.0,278.55999755859375,-0.027985167804624456
9,2018-06-25,-9,0.0,278.9200134277344,-0.026728918638565413
9,2018-06-25,-8,0.0,278.0299987792969,-0.029834559960846163
9,2018-06-25,-7,0.0,278.7300109863281,-0.027391918325594622
9,2018-06-25,-6,0.0,277.1300048828125,-0.03297502314269307
9,2018-06-25,-5,0.0,276.55999755859375,-0.0349640222037807
9,2018-06-25,-4,0.0,275.5,-0.03866280651622411
9,2018-06-25,-3,0.0,275.9700012207031,-0.0370227714728677
9,2018-06-25,-2,0.4444444444444444,274.239990234375,-0.043059518864130064
9,2018-06-25,-1,0.1111111111111111,274.739990234375,-0.04131480526434106
9,2018-06-25,0,0.5555555555555555,271.0,-0.054365228914325714
9,2018-06-25,1,0.4444444444444444,271.6000061035156,-0.052271551296805496
9,2018-06-25,2,0.5555555555555555,269.3500061035156,-0.06012276249585624
9,2018-06-25,3,0.5555555555555555,270.8900146484375,-0.054749014791623085
9,2018-06-25,4,0.5555555555555555,271.2799987792969,-0.05338819355799862
9,2018-06-25,5,0.4444444444444444,271.8599853515625,-0.051364372637344835
9,2018-06-25,6,0.5555555555555555,270.8999938964844,-0.05471419293205704
9,2018-06-25,7,0.4444444444444444,273.1099853515625,-0.0470025886378721
9,2018-06-25,8,0.0,275.4200134277344,-0.03894191383708889
9,2018-06-25,9,0.0,277.8999938964844,-0.030288202535010078
9,2018-06-25,10,0.0,278.8999938964844,-0.026798775335431957
10,2018-06-27,-30,0.3333333333333333,271.1000061035156,-0.0540162648965945
10,2018-06-27,-29,0.0,272.239990234375,-0.05003837326328642
10,2018-06-27,-28,0.0,272.010009765625,-0.050840873366314376
10,2018-06-27,-27,0.0,271.3299865722656,-0.05321376479356654
10,2018-06-27,-26,0.0,273.3699951171875,-0.04609530348954438
10,2018-06-27,-25,0.0,272.6099853515625,-0.048747302237661216
10,2018-06-27,-24,0.0,273.3599853515625,-0.0461302318379776
10,2018-06-27,-23,0.0,272.79998779296875,-0.04808430255063201
10,2018-06-27,-22,0.0,272.1499938964844,-0.0503524089325843
10,2018-06-27,-21,0.4444444444444444,269.0199890136719,-0.06127433310548269
10,2018-06-27,-20,0.3333333333333333,272.6099853515625,-0.048747302237661216
10,2018-06-27,-19,0.3333333333333333,270.94000244140625,-0.05457458602719112
10,2018-06-27,-18,0.0,273.6000061035156,-0.04529269689764914
10,2018-06-27,-17,0.0,274.8999938964844,-0.04075648413374444
10,2018-06-27,-16,0.0,275.1000061035156,-0.04005855609828202
10,2018-06-27,-15,0.0,277.3999938964844,-0.032032916134799194
10,2018-06-27,-14,0.0,277.3699951171875,-0.032137594691231786
10,2018-06-27,-13,0.0,278.19000244140625,-0.029276238830249657
10,2018-06-27,-12,0.0,278.55999755859375,-0.027985167804624456
10,2018-06-27,-11,0.0,278.9200134277344,-0.026728918638565413
10,2018-06-27,-10,0.0,278.0299987792969,-0.029834559960846163
10,2018-06-27,-9,0.0,278.7300109863281,-0.027391918325594622
10,2018-06-27,-8,0.0,277.1300048828125,-0.03297502314269307
10,2018-06-27,-7,0.0,276.55999755859375,-0.0349640222037807
10,2018-06-27,-6,0.0,275.5,-0.03866280651622411
10,2018-06-27,-5,0.0,275.9700012207031,-0.0370227714728677
10,2018-06-27,-4,0.4444444444444444,274.239990234375,-0.043059518864130064
10,2018-06-27,-3,0.1111111111111111,274.739990234375,-0.04131480526434106
10,2018-06-27,-2,0.5555555555555555,271.0,-0.054365228914325714
10,2018-06-27,-1,0.4444444444444444,271.6000061035156,-0.052271551296805496
10,2018-06-27,0,0.5555555555555555,269.3500061035156,-0.06012276249585624
10,2018-06-27,1,0.5555555555555555,270.8900146484375,-0.054749014791623085
10,2018-06-27,2,0.5555555555555555,271.2799987792969,-0.05338819355799862
10,2018-06-27,3,0.4444444444444444,271.8599853515625,-0.051364372637344835
10,2018-06-27,4,0.5555555555555555,270.8999938964844,-0.05471419293205704
10,2018-06-27,5,0.4444444444444444,273.1099853515625,-0.0470025886378721
10,2018-06-27,6,0.0,275.4200134277344,-0.03894191383708889
10,2018-06-27,7,0.0,277.8999938964844,-0.030288202535010078
10,2018-06-27,8,0.0,278.8999938964844,-0.026798775335431957
10,2018-06-27,9,0.0,276.8599853515625,-0.03391723663945412
10,2018-06-27,10,0.0,279.3699951171875,-0.025158740292075543
11,2018-10-17,-30,0.0,289.0299987792969,-0.00840542100551167
11,2018-10-17,-29,0.0,288.1600036621094,-0.011390171535208604
11,2018-10-17,-28,0.3333333333333333,287.6000061035156,-0.013311392673834077
11,2018-10-17,-27,0.0,288.1000061035156,-0.011596009178725608
11,2018-10-17,-26,0.0,289.04998779296875,-0.008336843357239165
11,2018-10-17,-25,0.0,289.1199951171875,-0.008096664540236054
11,2018-10-17,-24,0.0,290.8299865722656,-0.0022300823026008
11,2018-10-17,-23,0.0,290.8800048828125,-0.0020584811338701936
11,2018-10-17,-22,0.0,289.3399963378906,-0.007341891614440321
11,2018-10-17,-21,0.0,290.9100036621094,-0.0019555623121116916
11,2018-10-17,-20,0.0,291.2200012207031,-0.0008920329210403422
11,2018-10-17,-19,0.0,293.5799865722656,0.0
11,2018-10-17,-18,0.0,291.989990234375,-0.005415888039422723
11,2018-10-17,-17,0.0,291.0199890136719,-0.008719932133260722
11,2018-10-17,-16,0.0,290.75,-0.009639575930592281
11,2018-10-17,-15,0.1111111111111111,289.8800048828125,-0.012602976560673551
11,2018-10-17,-14,0.0,290.69000244140625,-0.009843941218888208
11,2018-10-17,-13,0.0,290.7200012207031,-0.009741758574740245
11,2018-10-17,-12,0.0,291.7300109863281,-0.0063014363054414435
11,2018-10-17,-11,0.0,291.55999755859375,-0.006880540588806938
11,2018-10-17,-10,0.0,291.7200012207031,-0.006335531836754393
11,2018-10-17,-9,0.1111111111111111,289.44000244140625,-0.014101724641370605
11,2018-10-17,-8,0.4444444444444444,287.82000732421875,-0.01961979532494129
11,2018-10-17,-7,0.4444444444444444,287.82000732421875,-0.01961979532494129
11,2018-10-17,-6,0.5555555555555555,287.3999938964844,-0.02105045629280322
11,2018-10-17,-5,0.5555555555555555,278.29998779296875,-0.05204714039843328
11,2018-10-17,-4,0.6666666666666666,272.1700134277344,-0.07292722298446297
11,2018-10-17,-3,0.6666666666666666,275.95001220703125,-0.060051690072867814
11,2018-10-17,-2,0.6666666666666666,274.3999938964844,-0.06533140388662029
11,2018-10-17,-1,0.5555555555555555,280.3999938964844,-0.044894043458704735
11,2018-10-17,0,0.5555555555555555,280.45001220703125,-0.044723669751931094
11,2018-10-17,1,0.6666666666666666,276.3999938964844,-0.058518950410648474
11,2018-10-17,2,0.6666666666666666,276.25,-0.05902986363138818
11,2018-10-17,3,1.0,275.010009765625,-0.06325355152255774
11,2018-10-17,4,1.0,273.6099853515625,-0.0680223521155705
11,2018-10-17,5,1.0,265.32000732421875,-0.09625989692962467
11,2018-10-17,6,1.0,270.0799865722656,-0.08004632834266923
11,2018-10-17,7,1.0,265.3299865722656,-0.09622590534810238
11,2018-10-17,8,1.0,263.8599853515625,-0.10123306281093336
11,2018-10-17,9,1.0,267.7699890136719,-0.08791470379143351
11,2018-10-17,10,1.0,270.6300048828125,-0.0781728412669026
12,2018-12-10,-30,1.0,270.0799865722656,-0.08004632834266923
12,2018-12-10,-29,1.0,265.3299865722656,-0.09622590534810238
12,2018-12-10,-28,1.0,263.8599853515625,-0.10123306281093336
12,2018-12-10,-27,1.0,267.7699890136719,-0.08791470379143351
12,2018-12-10,-26,1.0,270.6300048828125,-0.0781728412669026
12,2018-12-10,-25,1.0,273.510009765625,-0.06836289162953668
12,2018-12-10,-24,1.0,271.8900146484375,-0.07388096231310737
12,2018-12-10,-23,1.0,273.3900146484375,-0.06877162220612854
12,2018-12-10,-22,0.8888888888888888,275.1199951171875,-0.06287891647727883
12,2018-12-10,-21,0.7777777777777778,281.010009765625,-0.042816191094642186
12,2018-12-10,-20,0.7777777777777778,280.5,-0.044553399994948006
12,2018-12-10,-19,0.7777777777777778,277.760009765625,-0.05388642799309651
12,2018-12-10,-18,1.0,272.57000732421875,-0.07156475307922672
12,2018-12-10,-17,1.0,272.05999755859375,-0.07330196197953254
12,2018-12-10,-16,1.0,270.20001220703125,-0.07963749381628682
12,2018-12-10,-15,0.8888888888888888,273.0199890136719,-0.07003201341700738
12,2018-12-10,-14,0.8888888888888888,273.7300109863281,-0.0676135175891881
12,2018-12-10,-13,1.0,269.1000061035156,-0.08338436401802951
12,2018-12-10,-12,1.0,264.1199951171875,-0.10034741059512398
12,2018-12-10,-11,1.0,265.0199890136719,-0.09728182732089474
12,2018-12-10,-10,1.0,263.25,-0.10331081122520525
12,2018-12-10,-9,1.0,267.5,-0.08883434758876507
12,2018-12-10,-8,0.6666666666666666,268.3999938964844,-0.08576876431453584
12,2018-12-10,-7,0.5555555555555555,274.5799865722656,-0.06471830802173262
12,2018-12-10,-6,0.5555555555555555,273.9800109863281,-0.06676196090469166
12,2018-12-10,-5,0.5555555555555555,275.6499938964844,-0.06107362046413789
12,2018-12-10,-4,0.0,279.29998779296875,-0.04864091366044743
12,2018-12-10,-3,0.6666666666666666,270.25,-0.07946722405930373
12,2018-12-10,-2,0.6666666666666666,269.8399963378906,-0.08086378949585282
12,2018-12-10,-1,0.6666666666666666,263.57000732421875,-0.10222079372110005
12,2018-12-10,0,0.6666666666666666,264.07000732421875,-0.10051768035210706
12,2018-12-10,1,0.6666666666666666,264.1300048828125,-0.10031331506381114
12,2018-12-10,2,0.6666666666666666,265.4599914550781,-0.09578307924019769
12,2018-12-10,3,0.6666666666666666,265.3699951171875,-0.09608962717264158
12,2018-12-10,4,0.6666666666666666,260.4700012207031,-0.11278011739881444
12,2018-12-10,5,0.6666666666666666,255.36000061035156,-0.13018593810891843
12,2018-12-10,6,0.6666666666666666,255.0800018310547,-0.13113967743756283
12,2018-12-10,7,1.0,251.25999450683594,-0.1441514885246188
12,2018-12-10,8,1.0,247.1699981689453,-0.1580829434090063
12,2018-12-10,9,1.0,240.6999969482422,-0.18012123456176687
12,2018-12-10,10,1.0,234.33999633789062,-0.20178483869435326
13,2018-12-26,-30,0.7777777777777778,277.760009765625,-0.05388642799309651
13,2018-12-26,-29,1.0,272.57000732421875,-0.07156475307922672
13,2018-12-26,-28,1.0,272.05999755859375,-0.07330196197953254
13,2018-12-26,-27,1.0,270.20001220703125,-0.07963749381628682
13,2018-12-26,-26,0.8888888888888888,273.0199890136719,-0.07003201341700738
13,2018-12-26,-25,0.8888888888888888,273.7300109863281,-0.0676135175891881
13,2018-12-26,-24,1.0,269.1000061035156,-0.08338436401802951
13,2018-12-26,-23,1.0,264.1199951171875,-0.10034741059512398
13,2018-12-26,-22,1.0,265.0199890136719,-0.09728182732089474
13,2018-12-26,-21,1.0,263.25,-0.10331081122520525
13,2018-12-26,-20,1.0,267.5,-0.08883434758876507
13,2018-12-26,-19,0.6666666666666666,268.3999938964844,-0.08576876431453584
13,2018-12-26,-18,0.5555555555555555,274.5799865722656,-0.06471830802173262
13,2018-12-26,-17,0.5555555555555555,273.9800109863281,-0.06676196090469166
13,2018-12-26,-16,0.5555555555555555,275.6499938964844,-0.06107362046413789
13,2018-12-26,-15,0.0,279.29998779296875,-0.04864091366044743
13,2018-12-26,-14,0.6666666666666666,270.25,-0.07946722405930373
13,2018-12-26,-13,0.6666666666666666,269.8399963378906,-0.08086378949585282
13,2018-12-26,-12,0.6666666666666666,263.57000732421875,-0.10222079372110005
13,2018-12-26,-11,0.6666666666666666,264.07000732421875,-0.10051768035210706
13,2018-12-26,-10,0.6666666666666666,264.1300048828125,-0.10031331506381114
13,2018-12-26,-9,0.6666666666666666,265.4599914550781,-0.09578307924019769
13,2018-12-26,-8,0.6666666666666666,265.3699951171875,-0.09608962717264158
13,2018-12-26,-7,0.6666666666666666,260.4700012207031,-0.11278011739881444
13,2018-12-26,-6,0.6666666666666666,255.36000061035156,-0.13018593810891843
13,2018-12-26,-5,0.6666666666666666,255.0800018310547,-0.13113967743756283
13,2018-12-26,-4,1.0,251.25999450683594,-0.1441514885246188
13,2018-12-26,-3,1.0,247.1699981689453,-0.1580829434090063
13,2018-12-26,-2,1.0,240.6999969482422,-0.18012123456176687
13,2018-12-26,-1,1.0,234.33999633789062,-0.20178483869435326
13,2018-12-26,0,1.0,246.17999267578125,-0.1614551265905747
13,2018-12-26,1,1.0,248.07000732421875,-0.1550173081598818
13,2018-12-26,2,1.0,247.75,-0.1561073256639871
13,2018-12-26,3,1.0,249.9199981689453,-0.14871581987954507
13,2018-12-26,4,1.0,250.17999267578125,-0.14783021963863108
13,2018-12-26,5,1.0,244.2100067138672,-0.16816534544750328
13,2018-12-26,6,1.0,252.38999938964844,-0.14030243567872824
13,2018-12-26,7,0.8888888888888888,254.3800048828125,-0.13352402575917388
13,2018-12-26,8,0.8888888888888888,256.7699890136719,-0.12538319790927865
13,2018-12-26,9,0.8888888888888888,257.9700012207031,-0.12129568424377934
13,2018-12-26,10,0.8888888888888888,258.8800048828125,-0.11819600543823727
14,2019-01-22,-30,0.6666666666666666,269.8399963378906,-0.08086378949585282
14,2019-01-22,-29,0.6666666666666666,263.57000732421875,-0.10222079372110005
14,2019-01-22,-28,0.6666666666666666,264.07000732421875,-0.10051768035210706
14,2019-01-22,-27,0.6666666666666666,264.1300048828125,-0.10031331506381114
14,2019-01-22,-26,0.6666666666666666,265.4599914550781,-0.09578307924019769
14,2019-01-22,-25,0.6666666666666666,265.3699951171875,-0.09608962717264158
14,2019-01-22,-24,0.6666666666666666,260.4700012207031,-0.11278011739881444
14,2019-01-22,-23,0.6666666666666666,255.36000061035156,-0.13018593810891843
14,2019-01-22,-22,0.6666666666666666,255.0800018310547,-0.13113967743756283
14,2019-01-22,-21,1.0,251.25999450683594,-0.1441514885246188
14,2019-01-22,-20,1.0,247.1699981689453,-0.1580829434090063
14,2019-01-22,-19,1.0,240.6999969482422,-0.18012123456176687
14,2019-01-22,-18,1.0,234.33999633789062,-0.20178483869435326
14,2019-01-22,-17,1.0,246.17999267578125,-0.1614551265905747
14,2019-01-22,-16,1.0,248.07000732421875,-0.1550173081598818
14,2019-01-22,-15,1.0,247.75,-0.1561073256639871
14,2019-01-22,-14,1.0,249.9199981689453,-0.14871581987954507
14,2019-01-22,-13,1.0,250.17999267578125,-0.14783021963863108
14,2019-01-22,-12,1.0,244.2100067138672,-0.16816534544750328
14,2019-01-22,-11,1.0,252.38999938964844,-0.14030243567872824
14,2019-01-22,-10,0.8888888888888888,254.3800048828125,-0.13352402575917388
14,2019-01-22,-9,0.8888888888888888,256.7699890136719,-0.12538319790927865
14,2019-01-22,-8,0.8888888888888888,257.9700012207031,-0.12129568424377934
14,2019-01-22,-7,0.8888888888888888,258.8800048828125,-0.11819600543823727
14,2019-01-22,-6,0.5555555555555555,258.9800109863281,-0.11785536197448054
14,2019-01-22,-5,0.5555555555555555,257.3999938964844,-0.12323725843238098
14,2019-01-22,-4,0.5555555555555555,260.3500061035156,-0.11318884797540629
14,2019-01-22,-3,0.5555555555555555,260.9800109863281,-0.11104290849850873
14,2019-01-22,-2,0.4444444444444444,262.9599914550781,-0.10429864608516248
14,2019-01-22,-1,0.4444444444444444,266.4599914550781,-0.09237685250221184
14,2019-01-22,0,0.7777777777777778,262.8599853515625,-0.10463928954891921
14,2019-01-22,1,0.7777777777777778,263.4100036621094,-0.10276580247315259
14,2019-01-22,2,0.1111111111111111,263.54998779296875,-0.10228898478372572
14,2019-01-22,3,0.1111111111111111,265.7799987792969,-0.09469306173609249
14,2019-01-22,4,0.1111111111111111,263.760009765625,-0.10157360232489943
14,2019-01-22,5,0.1111111111111111,263.4100036621094,-0.10276580247315259
14,2019-01-22,6,0.1111111111111111,267.5799865722656,-0.08856189518763402
14,2019-01-22,7,0.1111111111111111,269.92999267578125,-0.08055724156340904
14,2019-01-22,8,0.1111111111111111,270.05999755859375,-0.08011441545550435
14,2019-01-22,9,0.1111111111111111,271.9599914550781,-0.07364260544328916
14,2019-01-22,10,0.1111111111111111,273.1000061035156,-0.06975945706608577
15,2019-05-13,-30,0.0,282.4800109863281,-0.03780903363181132
15,2019-05-13,-29,0.0,285.8299865722656,-0.02639825721939093
15,2019-05-13,-28,0.0,285.9700012207031,-0.0259213355801734
15,2019-05-13,-27,0.0,286.4200134277344,-0.024388491968163506
15,2019-05-13,-26,0.0,287.17999267578125,-0.021799830333151804
15,2019-05-13,-25,0.0,288.57000732421875,-0.017065125271451875
15,2019-05-13,-24,0.0,288.7900085449219,-0.016315751231103404
15,2019-05-13,-23,0.0,287.30999755859375,-0.02135700422524711
15,2019-05-13,-22,0.0,288.2900085449219,-0.018018864600096274
15,2019-05-13,-21,0.0,288.2099914550781,-0.018291420951017878
15,2019-05-13,-20,0.0,290.1600036621094,-0.011649237232029153
15,2019-05-13,-19,0.0,289.9700012207031,-0.012296428628229661
15,2019-05-13,-18,0.0,290.1600036621094,-0.011649237232029153
15,2019-05-13,-17,0.0,289.45001220703125,-0.014067629110057767
15,2019-05-13,-16,0.0,290.0199890136719,-0.012126158871246684
15,2019-05-13,-15,0.0,290.2699890136719,-0.011274602186750138
15,2019-05-13,-14,0.0,292.8800048828125,-0.002384296346715775
15,2019-05-13,-13,0.0,292.2300109863281,-0.004598322936448573
15,2019-05-13,-12,0.0,292.04998779296875,-0.005211522751126796
15,2019-05-13,-11,0.0,293.4100036621094,-0.0005790003335748306
15,2019-05-13,-10,0.0,293.8699951171875,0.0
15,2019-05-13,-9,0.0,294.0199890136719,0.0
15,2019-05-13,-8,0.0,291.80999755859375,-0.007516466694974855
15,2019-05-13,-7,0.0,291.17999267578125,-0.009659194762294043
15,2019-05-13,-6,0.0,294.0299987792969,0.0
15,2019-05-13,-5,0.0,292.82000732421875,-0.004115197293138695
15,2019-05-13,-4,0.4444444444444444,287.92999267578125,-0.020746203206613578
15,2019-05-13,-3,0.4444444444444444,287.5299987792969,-0.022106587854931692
15,2019-05-13,-2,0.4444444444444444,286.6600036621094,-0.0250654530074651
15,2019-05-13,-1,0.1111111111111111,288.1000061035156,-0.020167985240963082
15,2019-05-13,0,0.5555555555555555,280.8599853515625,-0.04479139367551399
15,2019-05-13,1,0.5555555555555555,283.3999938964844,-0.03615279028311502
15,2019-05-13,2,0.2222222222222222,285.05999755859375,-0.030507095391433592
15,2019-05-13,3,0.1111111111111111,287.70001220703125,-0.021528369889281307
15,2019-05-13,4,0.2222222222222222,285.8399963378906,-0.0278543090004697
15,2019-05-13,5,0.2222222222222222,283.95001220703125,-0.03428217057481886
15,2019-05-13,6,0.2222222222222222,286.510009765625,-0.025575584276747554
15,2019-05-13,7,0.2222222222222222,285.6300048828125,-0.028568492777464982
15,2019-05-13,8,0.2222222222222222,282.1400146484375,-0.04043799673578263
15,2019-05-13,9,0.2222222222222222,282.7799987792969,-0.03826140205661266
15,2019-05-13,10,0.2222222222222222,280.1499938964844,-0.04720608421058092
16,2019-05-29,-30,0.0,289.9700012207031,-0.012296428628229661
16,2019-05-29,-29,0.0,290.1600036621094,-0.011649237232029153
16,2019-05-29,-28,0.0,289.45001220703125,-0.014067629110057767
16,2019-05-29,-27,0.0,290.0199890136719,-0.012126158871246684
16,2019-05-29,-26,0.0,290.2699890136719,-0.011274602186750138
16,2019-05-29,-25,0.0,292.8800048828125,-0.002384296346715775
16,2019-05-29,-24,0.0,292.2300109863281,-0.004598322936448573
16,2019-05-29,-23,0.0,292.04998779296875,-0.005211522751126796
16,2019-05-29,-22,0.0,293.4100036621094,-0.0005790003335748306
16,2019-05-29,-21,0.0,293.8699951171875,0.0
16,2019-05-29,-20,0.0,294.0199890136719,0.0
16,2019-05-29,-19,0.0,291.80999755859375,-0.007516466694974855
16,2019-05-29,-18,0.0,291.17999267578125,-0.009659194762294043
16,2019-05-29,-17,0.0,294.0299987792969,0.0
16,2019-05-29,-16,0.0,292.82000732421875,-0.004115197293138695
16,2019-05-29,-15,0.4444444444444444,287.92999267578125,-0.020746203206613578
16,2019-05-29,-14,0.4444444444444444,287.5299987792969,-0.022106587854931692
16,2019-05-29,-13,0.4444444444444444,286.6600036621094,-0.0250654530074651
16,2019-05-29,-12,0.1111111111111111,288.1000061035156,-0.020167985240963082
16,2019-05-29,-11,0.5555555555555555,280.8599853515625,-0.04479139367551399
16,2019-05-29,-10,0.5555555555555555,283.3999938964844,-0.03615279028311502
16,2019-05-29,-9,0.2222222222222222,285.05999755859375,-0.030507095391433592
16,2019-05-29,-8,0.1111111111111111,287.70001220703125,-0.021528369889281307
16,2019-05-29,-7,0.2222222222222222,285.8399963378906,-0.0278543090004697
16,2019-05-29,-6,0.2222222222222222,283.95001220703125,-0.03428217057481886
16,2019-05-29,-5,0.2222222222222222,286.510009765625,-0.025575584276747554
16,2019-05-29,-4,0.2222222222222222,285.6300048828125,-0.028568492777464982
16,2019-05-29,-3,0.2222222222222222,282.1400146484375,-0.04043799673578263
16,2019-05-29,-2,0.2222222222222222,282.7799987792969,-0.03826140205661266
16,2019-05-29,-1,0.2222222222222222,280.1499938964844,-0.04720608421058092
16,2019-05-29,0,0.5555555555555555,278.2699890136719,-0.053600006227441765
16,2019-05-29,1,0.2222222222222222,279.0299987792969,-0.05101520274215021
16,2019-05-29,2,1.0,275.2699890136719,-0.06380304677587179
16,2019-05-29,3,1.0,274.57000732421875,-0.0661836939627547
16,2019-05-29,4,0.5555555555555555,280.5299987792969,-0.045913682467935146
16,2019-05-29,5,0.4444444444444444,282.9599914550781,-0.03764924453347385
16,2019-05-29,6,0.4444444444444444,284.79998779296875,-0.031391392118653494
16,2019-05-29,7,0.3333333333333333,287.6499938964844,-0.021698482839505817
16,2019-05-29,8,0.3333333333333333,288.9700012207031,-0.017209120088429675
16,2019-05-29,9,0.3333333333333333,288.8999938964844,-0.017447215944326633
16,2019-05-29,10,0.3333333333333333,288.3900146484375,-0.01918166225988671
17,2019-05-31,-30,0.0,289.45001220703125,-0.014067629110057767
17,2019-05-31,-29,0.0,290.0199890136719,-0.012126158871246684
17,2019-05-31,-28,0.0,290.2699890136719,-0.011274602186750138
17,2019-05-31,-27,0.0,292.8800048828125,-0.002384296346715775
17,2019-05-31,-26,0.0,292.2300109863281,-0.004598322936448573
17,2019-05-31,-25,0.0,292.04998779296875,-0.005211522751126796
17,2019-05-31,-24,0.0,293.4100036621094,-0.0005790003335748306
17,2019-05-31,-23,0.0,293.8699951171875,0.0
17,2019-05-31,-22,0.0,294.0199890136719,0.0
17,2019-05-31,-21,0.0,291.80999755859375,-0.007516466694974855
17,2019-05-31,-20,0.0,291.17999267578125,-0.009659194762294043
17,2019-05-31,-19,0.0,294.0299987792969,0.0
17,2019-05-31,-18,0.0,292.82000732421875,-0.004115197293138695
17,2019-05-31,-17,0.4444444444444444,287.92999267578125,-0.020746203206613578
17,2019-05-31,-16,0.4444444444444444,287.5299987792969,-0.022106587854931692
17,2019-05-31,-15,0.4444444444444444,286.6600036621094,-0.0250654530074651
17,2019-05-31,-14,0.1111111111111111,288.1000061035156,-0.020167985240963082
17,2019-05-31,-13,0.5555555555555555,280.8599853515625,-0.04479139367551399
17,2019-05-31,-12,0.5555555555555555,283.3999938964844,-0.03615279028311502
17,2019-05-31,-11,0.2222222222222222,285.05999755859375,-0.030507095391433592
17,2019-05-31,-10,0.1111111111111111,287.70001220703125,-0.021528369889281307
17,2019-05-31,-9,0.2222222222222222,285.8399963378906,-0.0278543090004697
17,2019-05-31,-8,0.2222222222222222,283.95001220703125,-0.03428217057481886
17,2019-05-31,-7,0.2222222222222222,286.510009765625,-0.025575584276747554
17,2019-05-31,-6,0.2222222222222222,285.6300048828125,-0.028568492777464982
17,2019-05-31,-5,0.2222222222222222,282.1400146484375,-0.04043799673578263
17,2019-05-31,-4,0.2222222222222222,282.7799987792969,-0.03826140205661266
17,2019-05-31,-3,0.2222222222222222,280.1499938964844,-0.04720608421058092
17,2019-05-31,-2,0.5555555555555555,278.2699890136719,-0.053600006227441765
17,2019-05-31,-1,0.2222222222222222,279.0299987792969,-0.05101520274215021
17,2019-05-31,0,1.0,275.2699890136719,-0.06380304677587179
17,2019-05-31,1,1.0,274.57000732421875,-0.0661836939627547
17,2019-05-31,2,0.5555555555555555,280.5299987792969,-0.045913682467935146
17,2019-05-31,3,0.4444444444444444,282.9599914550781,-0.03764924453347385
17,2019-05-31,4,0.4444444444444444,284.79998779296875,-0.031391392118653494
17,2019-05-31,5,0.3333333333333333,287.6499938964844,-0.021698482839505817
17,2019-05-31,6,0.3333333333333333,288.9700012207031,-0.017209120088429675
17,2019-05-31,7,0.3333333333333333,288.8999938964844,-0.017447215944326633
17,2019-05-31,8,0.3333333333333333,288.3900146484375,-0.01918166225988671
17,2019-05-31,9,0.3333333333333333,289.5799865722656,-0.01513455166311617
17,2019-05-31,10,0.3333333333333333,289.260009765625,-0.016222797107353304
18,2019-08-06,-30,0.0,293.6400146484375,-0.007503450324608973
18,2019-08-06,-29,0.0,290.760009765625,-0.017237801116894325
18,2019-08-06,-28,0.0,290.4700012207031,-0.01821802338175138
18,2019-08-06,-27,0.0,291.5,-0.01473665100869126
18,2019-08-06,-26,0.0,293.0,-0.009666685233435834
18,2019-08-06,-25,0.0,295.6600036621094,-0.0006759335474700867
18,2019-08-06,-24,0.0,296.42999267578125,0.0
18,2019-08-06,-23,0.0,298.79998779296875,0.0
18,2019-08-06,-22,0.0,298.4599914550781,-0.0011378726632552683
18,2019-08-06,-21,0.0,296.82000732421875,-0.0066264409291806325
18,2019-08-06,-20,0.0,297.19000244140625,-0.005388170740749931
18,2019-08-06,-19,0.0,298.6099853515625,-0.0006358850373778813
18,2019-08-06,-18,0.0,299.30999755859375,0.0
18,2019-08-06,-17,0.0,300.6499938964844,0.0
18,2019-08-06,-16,0.0,300.75,0.0
18,2019-08-06,-15,0.0,299.7799987792969,-0.0032252742168017434
18,2019-08-06,-14,0.0,297.739990234375,-0.010008345022859522
18,2019-08-06,-13,0.0,298.8299865722656,-0.006384084547745195
18,2019-08-06,-12,0.0,297.1700134277344,-0.0119035297498441
18,2019-08-06,-11,0.0,297.8999938964844,-0.009476329521248994
18,2019-08-06,-10,0.0,300.0299987792969,-0.0023940190214567503
18,2019-08-06,-9,0.0,301.44000244140625,0.0
18,2019-08-06,-8,0.0,300.0,-0.004777078124148959
18,2019-08-06,-7,0.0,302.010009765625,0.0
18,2019-08-06,-6,0.0,301.4599914550781,-0.001821192320657583
18,2019-08-06,-5,0.0,300.7200012207031,-0.004271409897714906
18,2019-08-06,-4,0.1111111111111111,297.42999267578125,-0.015165116856219685
18,2019-08-06,-3,0.1111111111111111,294.8399963378906,-0.02374097942415443
18,2019-08-06,-2,0.1111111111111111,292.6199951171875,-0.0310917332035604
18,2019-08-06,-1,0.5555555555555555,283.82000732421875,-0.06022979985174204
18,2019-08-06,0,0.5555555555555555,287.79998779296875,-0.04705149337164005
18,2019-08-06,1,0.5555555555555555,287.9700012207031,-0.046488553660249954
18,2019-08-06,2,0.1111111111111111,293.6199951171875,-0.027780584673165576
18,2019-08-06,3,0.2222222222222222,291.6199951171875,-0.03440288173395534
18,2019-08-06,4,0.5555555555555555,288.07000732421875,-0.046157418597563726
18,2019-08-06,5,0.2222222222222222,292.54998779296875,-0.03132353785226427
18,2019-08-06,6,0.5555555555555555,283.8999938964844,-0.05996495243053335
18,2019-08-06,7,0.5555555555555555,284.6499938964844,-0.0574815910327372
18,2019-08-06,8,0.2222222222222222,288.8500061035156,-0.043574726785785
18,2019-08-06,9,0.2222222222222222,292.3299865722656,-0.03205199457088048
18,2019-08-06,10,0.2222222222222222,290.0899963378906,-0.03946893494353021
19,2019-08-23,-30,0.0,300.6499938964844,0.0
19,2019-08-23,-29,0.0,300.75,0.0
19,2019-08-23,-28,0.0,299.7799987792969,-0.0032252742168017434
19,2019-08-23,-27,0.0,297.739990234375,-0.010008345022859522
19,2019-08-23,-26,0.0,298.8299865722656,-0.006384084547745195
19,2019-08-23,-25,0.0,297.1700134277344,-0.0119035297498441
19,2019-08-23,-24,0.0,297.8999938964844,-0.009476329521248994
19,2019-08-23,-23,0.0,300.0299987792969,-0.0023940190214567503
19,2019-08-23,-22,0.0,301.44000244140625,0.0
19,2019-08-23,-21,0.0,300.0,-0.004777078124148959
19,2019-08-23,-20,0.0,302.010009765625,0.0
19,2019-08-23,-19,0.0,301.4599914550781,-0.001821192320657583
19,2019-08-23,-18,0.0,300.7200012207031,-0.004271409897714906
19,2019-08-23,-17,0.1111111111111111,297.42999267578125,-0.015165116856219685
19,2019-08-23,-16,0.1111111111111111,294.8399963378906,-0.02374097942415443
19,2019-08-23,-15,0.1111111111111111,292.6199951171875,-0.0310917332035604
19,2019-08-23,-14,0.5555555555555555,283.82000732421875,-0.06022979985174204
19,2019-08-23,-13,0.5555555555555555,287.79998779296875,-0.04705149337164005
19,2019-08-23,-12,0.5555555555555555,287.9700012207031,-0.046488553660249954
19,2019-08-23,-11,0.1111111111111111,293.6199951171875,-0.027780584673165576
19,2019-08-23,-10,0.2222222222222222,291.6199951171875,-0.03440288173395534
19,2019-08-23,-9,0.5555555555555555,288.07000732421875,-0.046157418597563726
19,2019-08-23,-8,0.2222222222222222,292.54998779296875,-0.03132353785226427
19,2019-08-23,-7,0.5555555555555555,283.8999938964844,-0.05996495243053335
19,2019-08-23,-6,0.5555555555555555,284.6499938964844,-0.0574815910327372
19,2019-08-23,-5,0.2222222222222222,288.8500061035156,-0.043574726785785
19,2019-08-23,-4,0.2222222222222222,292.3299865722656,-0.03205199457088048
19,2019-08-23,-3,0.2222222222222222,290.0899963378906,-0.03946893494353021
19,2019-08-23,-2,0.1111111111111111,292.45001220703125,-0.03165457186671661
19,2019-08-23,-1,0.4444444444444444,292.3599853515625,-0.031952664156898014
19,2019-08-23,0,0.8888888888888888,284.8500061035156,-0.056819320907364634
19,2019-08-23,1,0.8888888888888888,288.0,-0.046389223246267486
19,2019-08-23,2,0.8888888888888888,286.8699951171875,-0.05013083725333112
19,2019-08-23,3,0.8888888888888888,288.8900146484375,-0.04344225255106371
19,2019-08-23,4,0.4444444444444444,292.5799865722656,-0.031224207438281804
19,2019-08-23,5,0.7777777777777778,292.45001220703125,-0.03165457186671661
19,2019-08-23,6,0.7777777777777778,290.739990234375,-0.03731670860842029
19,2019-08-23,7,0.3333333333333333,294.0400085449219,-0.0263898578291768
19,2019-08-23,8,0.3333333333333333,297.82000732421875,-0.013873720426213376
19,2019-08-23,9,0.0,298.04998779296875,-0.013112220935092234
19,2019-08-23,10,0.0,298.20001220703125,-0.012615467816945891
20,2019-08-30,-30,0.0,297.1700134277344,-0.0119035297498441
20,2019-08-30,-29,0.0,297.8999938964844,-0.009476329521248994
20,2019-08-30,-28,0.0,300.0299987792969,-0.0023940190214567503
20,2019-08-30,-27,0.0,301.44000244140625,0.0
20,2019-08-30,-26,0.0,300.0,-0.004777078124148959
20,2019-08-30,-25,0.0,302.010009765625,0.0
20,2019-08-30,-24,0.0,301.4599914550781,-0.001821192320657583
20,2019-08-30,-23,0.0,300.7200012207031,-0.004271409897714906
20,2019-08-30,-22,0.1111111111111111,297.42999267578125,-0.015165116856219685
20,2019-08-30,-21,0.1111111111111111,294.8399963378906,-0.02374097942415443
20,2019-08-30,-20,0.1111111111111111,292.6199951171875,-0.0310917332035604
20,2019-08-30,-19,0.5555555555555555,283.82000732421875,-0.06022979985174204
20,2019-08-30,-18,0.5555555555555555,287.79998779296875,-0.04705149337164005
20,2019-08-30,-17,0.5555555555555555,287.9700012207031,-0.046488553660249954
20,2019-08-30,-16,0.1111111111111111,293.6199951171875,-0.027780584673165576
20,2019-08-30,-15,0.2222222222222222,291.6199951171875,-0.03440288173395534
20,2019-08-30,-14,0.5555555555555555,288.07000732421875,-0.046157418597563726
20,2019-08-30,-13,0.2222222222222222,292.54998779296875,-0.03132353785226427
20,2019-08-30,-12,0.5555555555555555,283.8999938964844,-0.05996495243053335
20,2019-08-30,-11,0.5555555555555555,284.6499938964844,-0.0574815910327372
20,2019-08-30,-10,0.2222222222222222,288.8500061035156,-0.043574726785785
20,2019-08-30,-9,0.2222222222222222,292.3299865722656,-0.03205199457088048
20,2019-08-30,-8,0.2222222222222222,290.0899963378906,-0.03946893494353021
20,2019-08-30,-7,0.1111111111111111,292.45001220703125,-0.03165457186671661
20,2019-08-30,-6,0.4444444444444444,292.3599853515625,-0.031952664156898014
20,2019-08-30,-5,0.8888888888888888,284.8500061035156,-0.056819320907364634
20,2019-08-30,-4,0.8888888888888888,288.0,-0.046389223246267486
20,2019-08-30,-3,0.8888888888888888,286.8699951171875,-0.05013083725333112
20,2019-08-30,-2,0.8888888888888888,288.8900146484375,-0.04344225255106371
20,2019-08-30,-1,0.4444444444444444,292.5799865722656,-0.031224207438281804
20,2019-08-30,0,0.7777777777777778,292.45001220703125,-0.03165457186671661
20,2019-08-30,1,0.7777777777777778,290.739990234375,-0.03731670860842029
20,2019-08-30,2,0.3333333333333333,294.0400085449219,-0.0263898578291768
20,2019-08-30,3,0.3333333333333333,297.82000732421875,-0.013873720426213376
20,2019-08-30,4,0.0,298.04998779296875,-0.013112220935092234
20,2019-08-30,5,0.0,298.20001220703125,-0.012615467816945891
20,2019-08-30,6,0.0,298.1300048828125,-0.01284727246564965
20,2019-08-30,7,0.0,300.25,-0.005827653748929906
20,2019-08-30,8,0.0,301.2900085449219,-0.0023840309838136786
20,2019-08-30,9,0.0,301.0899963378906,-0.0030463011091862446
20,2019-08-30,10,0.0,300.1600036621094,-0.00612564499087731
21,2019-10-02,-30,0.2222222222222222,290.0899963378906,-0.03946893494353021
21,2019-10-02,-29,0.1111111111111111,292.45001220703125,-0.03165457186671661
21,2019-10-02,-28,0.4444444444444444,292.3599853515625,-0.031952664156898014
21,2019-10-02,-27,0.8888888888888888,284.8500061035156,-0.056819320907364634
21,2019-10-02,-26,0.8888888888888888,288.0,-0.046389223246267486
21,2019-10-02,-25,0.8888888888888888,286.8699951171875,-0.05013083725333112
21,2019-10-02,-24,0.8888888888888888,288.8900146484375,-0.04344225255106371
21,2019-10-02,-23,0.4444444444444444,292.5799865722656,-0.031224207438281804
21,2019-10-02,-22,0.7777777777777778,292.45001220703125,-0.03165457186671661
21,2019-10-02,-21,0.7777777777777778,290.739990234375,-0.03731670860842029
21,2019-10-02,-20,0.3333333333333333,294.0400085449219,-0.0263898578291768
21,2019-10-02,-19,0.3333333333333333,297.82000732421875,-0.013873720426213376
21,2019-10-02,-18,0.0,298.04998779296875,-0.013112220935092234
21,2019-10-02,-17,0.0,298.20001220703125,-0.012615467816945891
21,2019-10-02,-16,0.0,298.1300048828125,-0.01284727246564965
21,2019-10-02,-15,0.0,300.25,-0.005827653748929906
21,2019-10-02,-14,0.0,301.2900085449219,-0.0023840309838136786
21,2019-10-02,-13,0.0,301.0899963378906,-0.0030463011091862446
21,2019-10-02,-12,0.0,300.1600036621094,-0.00612564499087731
21,2019-10-02,-11,0.0,300.9200134277344,-0.00360913977234234
21,2019-10-02,-10,0.0,301.1000061035156,-0.003013157288447421
21,2019-10-02,-9,0.0,301.0799865722656,-0.003079444929925068
21,2019-10-02,-8,0.0,298.2799987792969,-0.0123506203957372
21,2019-10-02,-7,0.0,298.2099914550781,-0.012582425044440959
21,2019-10-02,-6,0.1111111111111111,295.8699951171875,-0.020330500479777025
21,2019-10-02,-5,0.0,297.6199951171875,-0.014535990551585942
21,2019-10-02,-4,0.1111111111111111,297.0,-0.016588886472713393
21,2019-10-02,-3,0.1111111111111111,295.3999938964844,-0.021886744330992025
21,2019-10-02,-2,0.1111111111111111,296.7699890136719,-0.017350487012068427
21,2019-10-02,-1,0.2222222222222222,293.239990234375,-0.02903883728243306
21,2019-10-02,0,0.5555555555555555,288.05999755859375,-0.04619056241830255
21,2019-10-02,1,0.5555555555555555,290.4200134277344,-0.03837619934148884
21,2019-10-02,2,0.1111111111111111,294.3500061035156,-0.025363409868613074
21,2019-10-02,3,0.2222222222222222,293.0799865722656,-0.029568633173084335
21,2019-10-02,4,0.5555555555555555,288.5299987792969,-0.04463431856708755
21,2019-10-02,5,0.2222222222222222,291.2699890136719,-0.035561803929240354
21,2019-10-02,6,0.2222222222222222,293.239990234375,-0.02903883728243306
21,2019-10-02,7,0.0,296.2799987792969,-0.018972917456527072
21,2019-10-02,8,0.0,295.95001220703125,-0.020065552010334442
21,2019-10-02,9,0.0,298.8800048828125,-0.010363911067853504
21,2019-10-02,10,0.0,298.3999938964844,-0.011953298739807217
22,2019-10-08,-30,0.8888888888888888,288.0,-0.046389223246267486
22,2019-10-08,-29,0.8888888888888888,286.8699951171875,-0.05013083725333112
22,2019-10-08,-28,0.8888888888888888,288.8900146484375,-0.04344225255106371
22,2019-10-08,-27,0.4444444444444444,292.5799865722656,-0.031224207438281804
22,2019-10-08,-26,0.7777777777777778,292.45001220703125,-0.03165457186671661
22,2019-10-08,-25,0.7777777777777778,290.739990234375,-0.03731670860842029
22,2019-10-08,-24,0.3333333333333333,294.0400085449219,-0.0263898578291768
22,2019-10-08,-23,0.3333333333333333,297.82000732421875,-0.013873720426213376
22,2019-10-08,-22,0.0,298.04998779296875,-0.013112220935092234
22,2019-10-08,-21,0.0,298.20001220703125,-0.012615467816945891
22,2019-10-08,-20,0.0,298.1300048828125,-0.01284727246564965
22,2019-10-08,-19,0.0,300.25,-0.005827653748929906
22,2019-10-08,-18,0.0,301.2900085449219,-0.0023840309838136786
22,2019-10-08,-17,0.0,301.0899963378906,-0.0030463011091862446
22,2019-10-08,-16,0.0,300.1600036621094,-0.00612564499087731
22,2019-10-08,-15,0.0,300.9200134277344,-0.00360913977234234
22,2019-10-08,-14,0.0,301.1000061035156,-0.003013157288447421
22,2019-10-08,-13,0.0,301.0799865722656,-0.003079444929925068
22,2019-10-08,-12,0.0,298.2799987792969,-0.0123506203957372
22,2019-10-08,-11,0.0,298.2099914550781,-0.012582425044440959
22,2019-10-08,-10,0.1111111111111111,295.8699951171875,-0.020330500479777025
22,2019-10-08,-9,0.0,297.6199951171875,-0.014535990551585942
22,2019-10-08,-8,0.1111111111111111,297.0,-0.016588886472713393
22,2019-10-08,-7,0.1111111111111111,295.3999938964844,-0.021886744330992025
22,2019-10-08,-6,0.1111111111111111,296.7699890136719,-0.017350487012068427
22,2019-10-08,-5,0.2222222222222222,293.239990234375,-0.02903883728243306
22,2019-10-08,-4,0.5555555555555555,288.05999755859375,-0.04619056241830255
22,2019-10-08,-3,0.5555555555555555,290.4200134277344,-0.03837619934148884
22,2019-10-08,-2,0.1111111111111111,294.3500061035156,-0.025363409868613074
22,2019-10-08,-1,0.2222222222222222,293.0799865722656,-0.029568633173084335
22,2019-10-08,0,0.5555555555555555,288.5299987792969,-0.04463431856708755
22,2019-10-08,1,0.2222222222222222,291.2699890136719,-0.035561803929240354
22,2019-10-08,2,0.2222222222222222,293.239990234375,-0.02903883728243306
22,2019-10-08,3,0.0,296.2799987792969,-0.018972917456527072
22,2019-10-08,4,0.0,295.95001220703125,-0.020065552010334442
22,2019-10-08,5,0.0,298.8800048828125,-0.010363911067853504
22,2019-10-08,6,0.0,298.3999938964844,-0.011953298739807217
22,2019-10-08,7,0.0,299.2799987792969,-0.009039471865342263
22,2019-10-08,8,0.0,297.9700012207031,-0.013377068356300925
22,2019-10-08,9,0.0,299.989990234375,-0.006688584702267408
22,2019-10-08,10,0.0,299.010009765625,-0.009933445591184697
23,2020-03-04,-30,0.0,331.29998779296875,-0.001958199699227836
23,2020-03-04,-29,0.0,331.3399963378906,-0.0018376738867542652
23,2020-03-04,-28,0.0,331.7200012207031,-0.000692908503900469
23,2020-03-04,-27,0.0,328.7699890136719,-0.009579825505100614
23,2020-03-04,-26,0.4444444444444444,323.5,-0.025455676747380696
23,2020-03-04,-25,0.3333333333333333,326.8900146484375,-0.015243251611745445
23,2020-03-04,-24,0.4444444444444444,326.6199951171875,-0.016056685928119596
23,2020-03-04,-23,0.0,327.67999267578125,-0.012863441404505349
23,2020-03-04,-22,0.4444444444444444,321.7300109863281,-0.03078777178754577
23,2020-03-04,-21,0.4444444444444444,324.1199951171875,-0.023587940358201664
23,2020-03-04,-20,0.3333333333333333,329.05999755859375,-0.008706174249618837
23,2020-03-04,-19,0.0,332.8599853515625,0.0
23,2020-03-04,-18,0.0,333.9800109863281,0.0
23,2020-03-04,-17,0.0,332.20001220703125,-0.005329656628371482
23,2020-03-04,-16,0.0,334.67999267578125,0.0
23,2020-03-04,-15,0.0,335.260009765625,0.0
23,2020-03-04,-14,0.0,337.4200134277344,0.0
23,2020-03-04,-13,0.0,337.05999755859375,-0.0010669665544831286
23,2020-03-04,-12,0.0,337.6000061035156,0.0
23,2020-03-04,-11,0.0,336.7300109863281,-0.0025769997081124263
23,2020-03-04,-10,0.0,338.3399963378906,0.0
23,2020-03-04,-9,0.0,336.95001220703125,-0.004108246574168639
23,2020-03-04,-8,0.3333333333333333,333.4800109863281,-0.014364205840769029
23,2020-03-04,-7,0.5555555555555555,322.4200134277344,-0.04705321003271934
23,2020-03-04,-6,0.5555555555555555,312.6499938964844,-0.07592954637189975
23,2020-03-04,-5,0.5555555555555555,311.5,-0.07932847617308092
23,2020-03-04,-4,0.6666666666666666,297.510009765625,-0.12067738669444761
23,2020-03-04,-3,0.6666666666666666,296.260009765625,-0.12437189521702752
23,2020-03-04,-2,0.5555555555555555,309.0899963378906,-0.08645149942837038
23,2020-03-04,-1,0.6666666666666666,300.239990234375,-0.1126086378078287
23,2020-03-04,0,0.5555555555555555,312.8599853515625,-0.07530889419553566
23,2020-03-04,1,0.6666666666666666,302.4599914550781,-0.10604718706380833
23,2020-03-04,2,1.0,297.4599914550781,-0.12082522115412797
23,2020-03-04,3,1.0,274.2300109863281,-0.18948390981105778
23,2020-03-04,4,1.0,288.4200134277344,-0.1475438418468935
23,2020-03-04,5,1.0,274.3599853515625,-0.18909975669099754
23,2020-03-04,6,1.0,248.11000061035156,-0.2666843905661952
23,2020-03-04,7,1.0,269.32000732421875,-0.20399595011150728
23,2020-03-04,8,1.0,239.85000610351562,-0.29109768664777025
23,2020-03-04,9,1.0,252.8000030517578,-0.2528225873736383
23,2020-03-04,10,1.0,240.0,-0.290654363664653
24,2020-03-20,-30,0.0,333.9800109863281,0.0
24,2020-03-20,-29,0.0,332.20001220703125,-0.005329656628371482
24,2020-03-20,-28,0.0,334.67999267578125,0.0
24,2020-03-20,-27,0.0,335.260009765625,0.0
24,2020-03-20,-26,0.0,337.4200134277344,0.0
24,2020-03-20,-25,0.0,337.05999755859375,-0.0010669665544831286
24,2020-03-20,-24,0.0,337.6000061035156,0.0
24,2020-03-20,-23,0.0,336.7300109863281,-0.0025769997081124263
24,2020-03-20,-22,0.0,338.3399963378906,0.0
24,2020-03-20,-21,0.0,336.95001220703125,-0.004108246574168639
24,2020-03-20,-20,0.3333333333333333,333.4800109863281,-0.014364205840769029
24,2020-03-20,-19,0.5555555555555555,322.4200134277344,-0.04705321003271934
24,2020-03-20,-18,0.5555555555555555,312.6499938964844,-0.07592954637189975
24,2020-03-20,-17,0.5555555555555555,311.5,-0.07932847617308092
24,2020-03-20,-16,0.6666666666666666,297.510009765625,-0.12067738669444761
24,2020-03-20,-15,0.6666666666666666,296.260009765625,-0.12437189521702752
24,2020-03-20,-14,0.5555555555555555,309.0899963378906,-0.08645149942837038
24,2020-03-20,-13,0.6666666666666666,300.239990234375,-0.1126086378078287
24,2020-03-20,-12,0.5555555555555555,312.8599853515625,-0.07530889419553566
24,2020-03-20,-11,0.6666666666666666,302.4599914550781,-0.10604718706380833
24,2020-03-20,-10,1.0,297.4599914550781,-0.12082522115412797
24,2020-03-20,-9,1.0,274.2300109863281,-0.18948390981105778
24,2020-03-20,-8,1.0,288.4200134277344,-0.1475438418468935
24,2020-03-20,-7,1.0,274.3599853515625,-0.18909975669099754
24,2020-03-20,-6,1.0,248.11000061035156,-0.2666843905661952
24,2020-03-20,-5,1.0,269.32000732421875,-0.20399595011150728
24,2020-03-20,-4,1.0,239.85000610351562,-0.29109768664777025
24,2020-03-20,-3,1.0,252.8000030517578,-0.2528225873736383
24,2020-03-20,-2,1.0,240.0,-0.290654363664653
24,2020-03-20,-1,1.0,240.50999450683594,-0.2891470204230735
24,2020-03-20,0,1.0,228.8000030517578,-0.32375715100717295
24,2020-03-20,1,1.0,222.9499969482422,-0.3410474689324394
24,2020-03-20,2,1.0,243.14999389648438,-0.28134422022734396
24,2020-03-20,3,1.0,246.7899932861328,-0.27058581321355046
24,2020-03-20,4,1.0,261.20001220703125,-0.2279954630425125
24,2020-03-20,5,1.0,253.4199981689453,-0.2509901255781125
24,2020-03-20,6,1.0,261.6499938964844,-0.22666549409316095
24,2020-03-20,7,1.0,257.75,-0.238192342644018
24,2020-03-20,8,1.0,246.14999389648438,-0.2724773997731521
24,2020-03-20,9,1.0,251.8300018310547,-0.25568952959507885
24,2020-03-20,10,1.0,248.19000244140625,-0.26644793660887234
25,2020-05-13,-30,1.0,257.75,-0.238192342644018
25,2020-05-13,-29,1.0,246.14999389648438,-0.2724773997731521
25,2020-05-13,-28,1.0,251.8300018310547,-0.25568952959507885
25,2020-05-13,-27,1.0,248.19000244140625,-0.26644793660887234
25,2020-05-13,-26,0.8888888888888888,264.8599853515625,-0.217178021462605
25,2020-05-13,-25,0.8888888888888888,265.1300048828125,-0.21637994989503218
25,2020-05-13,-24,0.8888888888888888,274.0299987792969,-0.19007506725385537
25,2020-05-13,-23,0.8888888888888888,278.20001220703125,-0.17775014713542547
25,2020-05-13,-22,0.8888888888888888,275.6600036621094,-0.18525741370873727
25,2020-05-13,-21,0.8888888888888888,283.7900085449219,-0.16122831584620345
25,2020-05-13,-20,0.8888888888888888,277.760009765625,-0.17905062135121053
25,2020-05-13,-19,0.8888888888888888,279.1000061035156,-0.17509011903876037
25,2020-05-13,-18,0.7777777777777778,286.6400146484375,-0.15280481837512883
25,2020-05-13,-17,0.8888888888888888,281.5899963378906,-0.16773068692512894
25,2020-05-13,-16,0.8888888888888888,273.0400085449219,-0.19300108914039082
25,2020-05-13,-15,0.5555555555555555,279.1000061035156,-0.17509011903876037
25,2020-05-13,-14,0.5555555555555555,279.0799865722656,-0.17514928890181725
25,2020-05-13,-13,0.4444444444444444,282.9700012207031,-0.1636519350845268
25,2020-05-13,-12,0.4444444444444444,287.04998779296875,-0.15159309895392914
25,2020-05-13,-11,0.4444444444444444,285.7300109863281,-0.15549443140332242
25,2020-05-13,-10,0.4444444444444444,293.2099914550781,-0.13338655013089984
25,2020-05-13,-9,0.4444444444444444,290.4800109863281,-0.14145529901751874
25,2020-05-13,-8,0.4444444444444444,282.7900085449219,-0.1641839226642674
25,2020-05-13,-7,0.4444444444444444,283.57000732421875,-0.16187855295409603
25,2020-05-13,-6,0.4444444444444444,286.19000244140625,-0.15413487752244237
25,2020-05-13,-5,0.4444444444444444,284.25,-0.1598687619653234
25,2020-05-13,-4,0.4444444444444444,287.67999267578125,-0.14973105222687488
25,2020-05-13,-3,0.4444444444444444,292.44000244140625,-0.13566233490954271
25,2020-05-13,-2,0.4444444444444444,292.5,-0.13548500571629585
25,2020-05-13,-1,0.4444444444444444,286.6700134277344,-0.15271615377850534
25,2020-05-13,0,0.5555555555555555,281.6000061035156,-0.16770110199360044
25,2020-05-13,1,0.5555555555555555,284.9700012207031,-0.1577407214483989
25,2020-05-13,2,0.4444444444444444,286.2799987792969,-0.15386888373257201
25,2020-05-13,3,0.4444444444444444,295.0,-0.12809598867113603
25,2020-05-13,4,0.4444444444444444,291.9700012207031,-0.13705147372195126
25,2020-05-13,5,0.4444444444444444,296.92999267578125,-0.12239168915978349
25,2020-05-13,6,0.4444444444444444,294.8800048828125,-0.12845064705762976
25,2020-05-13,7,0.4444444444444444,295.44000244140625,-0.12679551445535087
25,2020-05-13,8,0.4444444444444444,299.0799865722656,-0.11603715254053837
25,2020-05-13,9,0.3333333333333333,303.5299987792969,-0.10288466612096903
25,2020-05-13,10,0.3333333333333333,302.9700012207031,-0.10453979872324781
26,2020-06-11,-30,0.4444444444444444,293.2099914550781,-0.13338655013089984
26,2020-06-11,-29,0.4444444444444444,290.4800109863281,-0.14145529901751874
26,2020-06-11,-28,0.4444444444444444,282.7900085449219,-0.1641839226642674
26,2020-06-11,-27,0.4444444444444444,283.57000732421875,-0.16187855295409603
26,2020-06-11,-26,0.4444444444444444,286.19000244140625,-0.15413487752244237
26,2020-06-11,-25,0.4444444444444444,284.25,-0.1598687619653234
26,2020-06-11,-24,0.4444444444444444,287.67999267578125,-0.14973105222687488
26,2020-06-11,-23,0.4444444444444444,292.44000244140625,-0.13566233490954271
26,2020-06-11,-22,0.4444444444444444,292.5,-0.13548500571629585
26,2020-06-11,-21,0.4444444444444444,286.6700134277344,-0.15271615377850534
26,2020-06-11,-20,0.5555555555555555,281.6000061035156,-0.16770110199360044
26,2020-06-11,-19,0.5555555555555555,284.9700012207031,-0.1577407214483989
26,2020-06-11,-18,0.4444444444444444,286.2799987792969,-0.15386888373257201
26,2020-06-11,-17,0.4444444444444444,295.0,-0.12809598867113603
26,2020-06-11,-16,0.4444444444444444,291.9700012207031,-0.13705147372195126
26,2020-06-11,-15,0.4444444444444444,296.92999267578125,-0.12239168915978349
26,2020-06-11,-14,0.4444444444444444,294.8800048828125,-0.12845064705762976
26,2020-06-11,-13,0.4444444444444444,295.44000244140625,-0.12679551445535087
26,2020-06-11,-12,0.4444444444444444,299.0799865722656,-0.11603715254053837
26,2020-06-11,-11,0.3333333333333333,303.5299987792969,-0.10288466612096903
26,2020-06-11,-10,0.3333333333333333,302.9700012207031,-0.10453979872324781
26,2020-06-11,-9,0.3333333333333333,304.32000732421875,-0.10054971147926917
26,2020-06-11,-8,0.3333333333333333,305.54998779296875,-0.09691437281974613
26,2020-06-11,-7,0.3333333333333333,308.0799865722656,-0.08943669117796282
26,2020-06-11,-6,0.3333333333333333,312.17999267578125,-0.07731868518430829
26,2020-06-11,-5,0.3333333333333333,311.3599853515625,-0.07974230442263153
26,2020-06-11,-4,0.3333333333333333,319.3399963378906,-0.05615652954321493
26,2020-06-11,-3,0.3333333333333333,323.20001220703125,-0.04474784032254786
26,2020-06-11,-2,0.3333333333333333,320.7900085449219,-0.051870863577837434
26,2020-06-11,-1,0.3333333333333333,319.0,-0.05716142503760124
26,2020-06-11,0,0.5555555555555555,300.6099853515625,-0.11151507771681901
26,2020-06-11,1,0.4444444444444444,304.2099914550781,-0.1008748751321964
26,2020-06-11,2,0.3333333333333333,307.04998779296875,-0.09248096259265026
26,2020-06-11,3,0.3333333333333333,312.9599914550781,-0.07501331547413681
26,2020-06-11,4,0.3333333333333333,311.6600036621094,-0.0788555682584352
26,2020-06-11,5,0.3333333333333333,311.7799987792969,-0.07850090987194147
26,2020-06-11,6,0.4444444444444444,308.6400146484375,-0.08778146837772205
26,2020-06-11,7,0.3333333333333333,310.6199951171875,-0.08192942460465102
26,2020-06-11,8,0.3333333333333333,312.04998779296875,-0.07770292850233051
26,2020-06-11,9,0.4444444444444444,304.0899963378906,-0.10122953351869013
26,2020-06-11,10,0.4444444444444444,307.3500061035156,-0.09159422642845383
27,2020-06-26,-30,0.5555555555555555,284.9700012207031,-0.1577407214483989
27,2020-06-26,-29,0.4444444444444444,286.2799987792969,-0.15386888373257201
27,2020-06-26,-28,0.4444444444444444,295.0,-0.12809598867113603
27,2020-06-26,-27,0.4444444444444444,291.9700012207031,-0.13705147372195126
27,2020-06-26,-26,0.4444444444444444,296.92999267578125,-0.12239168915978349
27,2020-06-26,-25,0.4444444444444444,294.8800048828125,-0.12845064705762976
27,2020-06-26,-24,0.4444444444444444,295.44000244140625,-0.12679551445535087
27,2020-06-26,-23,0.4444444444444444,299.0799865722656,-0.11603715254053837
27,2020-06-26,-22,0.3333333333333333,303.5299987792969,-0.10288466612096903
27,2020-06-26,-21,0.3333333333333333,302.9700012207031,-0.10453979872324781
27,2020-06-26,-20,0.3333333333333333,304.32000732421875,-0.10054971147926917
27,2020-06-26,-19,0.3333333333333333,305.54998779296875,-0.09691437281974613
27,2020-06-26,-18,0.3333333333333333,308.0799865722656,-0.08943669117796282
27,2020-06-26,-17,0.3333333333333333,312.17999267578125,-0.07731868518430829
27,2020-06-26,-16,0.3333333333333333,311.3599853515625,-0.07974230442263153
27,2020-06-26,-15,0.3333333333333333,319.3399963378906,-0.05615652954321493
27,2020-06-26,-14,0.3333333333333333,323.20001220703125,-0.04474784032254786
27,2020-06-26,-13,0.3333333333333333,320.7900085449219,-0.051870863577837434
27,2020-06-26,-12,0.3333333333333333,319.0,-0.05716142503760124
27,2020-06-26,-11,0.5555555555555555,300.6099853515625,-0.11151507771681901
27,2020-06-26,-10,0.4444444444444444,304.2099914550781,-0.1008748751321964
27,2020-06-26,-9,0.3333333333333333,307.04998779296875,-0.09248096259265026
27,2020-06-26,-8,0.3333333333333333,312.9599914550781,-0.07501331547413681
27,2020-06-26,-7,0.3333333333333333,311.6600036621094,-0.0788555682584352
27,2020-06-26,-6,0.3333333333333333,311.7799987792969,-0.07850090987194147
27,2020-06-26,-5,0.4444444444444444,308.6400146484375,-0.08778146837772205
27,2020-06-26,-4,0.3333333333333333,310.6199951171875,-0.08192942460465102
27,2020-06-26,-3,0.3333333333333333,312.04998779296875,-0.07770292850233051
27,2020-06-26,-2,0.4444444444444444,304.0899963378906,-0.10122953351869013
27,2020-06-26,-1,0.4444444444444444,307.3500061035156,-0.09159422642845383
27,2020-06-26,0,0.5555555555555555,300.04998779296875,-0.1131702103190978
27,2020-06-26,1,0.4444444444444444,304.4599914550781,-0.10013597342768044
27,2020-06-26,2,0.4444444444444444,308.3599853515625,-0.08860912487682338
27,2020-06-26,3,0.3333333333333333,310.5199890136719,-0.08222500332604987
27,2020-06-26,4,0.0,312.2300109863281,-0.07717085072462793
27,2020-06-26,5,0.0,317.04998779296875,-0.06292489441201077
27,2020-06-26,6,0.3333333333333333,313.7799987792969,-0.07258969623581357
27,2020-06-26,7,0.0,316.17999267578125,-0.06549625791205249
27,2020-06-26,8,0.3333333333333333,314.3800048828125,-0.0708163141053828
27,2020-06-26,9,0.0,317.5899963378906,-0.06132884147482687
27,2020-06-26,10,0.3333333333333333,314.8399963378906,-0.06945676022450276
28,2020-10-26,-30,0.1111111111111111,338.4599914550781,-0.05378814675806409
28,2020-10-26,-29,0.1111111111111111,340.1700134277344,-0.04900754313967082
28,2020-10-26,-28,0.1111111111111111,338.82000732421875,-0.052781672458778184
28,2020-10-26,-27,0.1111111111111111,335.8399963378906,-0.061112706522605253
28,2020-10-26,-26,0.2222222222222222,330.6499938964844,-0.07562207824273359
28,2020-10-26,-25,0.2222222222222222,326.9700012207031,-0.08591000821252992
28,2020-10-26,-24,0.2222222222222222,330.29998779296875,-0.07660056885377964
28,2020-10-26,-23,0.2222222222222222,322.6400146484375,-0.09801508627934175
28,2020-10-26,-22,0.2222222222222222,323.5,-0.09561087794214784
28,2020-10-26,-21,0.2222222222222222,328.7300109863281,-0.08098965678518266
28,2020-10-26,-20,0.2222222222222222,334.19000244140625,-0.06572549332768196
28,2020-10-26,-19,0.2222222222222222,332.3699951171875,-0.07081357625222318
28,2020-10-26,-18,0.2222222222222222,334.8900146484375,-0.06376851210558998
28,2020-10-26,-17,0.3333333333333333,337.0400085449219,-0.05775790594648256
28,2020-10-26,-16,0.4444444444444444,333.8399963378906,-0.066703983938728
28,2020-10-26,-15,0.3333333333333333,339.760009765625,-0.05015376524791071
28,2020-10-26,-14,0.4444444444444444,334.92999267578125,-0.06365674798487586
28,2020-10-26,-13,0.3333333333333333,340.760009765625,-0.04735812653984939
28,2020-10-26,-12,0.3333333333333333,343.7799987792969,-0.0389153283553082
28,2020-10-26,-11,0.3333333333333333,346.8500061035156,-0.030332697045690415
28,2020-10-26,-10,0.3333333333333333,352.42999267578125,-0.014733070593801911
28,2020-10-26,-9,0.0,350.1300048828125,-0.021163005495894005
28,2020-10-26,-8,0.0,347.92999267578125,-0.027313444780078022
28,2020-10-26,-7,0.0,347.5,-0.02851554894867503
28,2020-10-26,-6,0.0,347.2900085449219,-0.029102609188853545
28,2020-10-26,-5,0.0,342.010009765625,-0.04386357815477271
28,2020-10-26,-4,0.0,343.3800048828125,-0.04003356677530823
28,2020-10-26,-3,0.0,342.7300109863281,-0.04185071487232361
28,2020-10-26,-2,0.0,344.6099853515625,-0.036594985766711274
28,2020-10-26,-1,0.0,345.7799987792969,-0.033324050939185446
28,2020-10-26,0,0.5555555555555555,339.3900146484375,-0.05118813791931376
28,2020-10-26,1,0.5555555555555555,338.2200012207031,-0.05445907274683959
28,2020-10-26,2,0.5555555555555555,326.6600036621094,-0.08677664938673912
28,2020-10-26,3,0.5555555555555555,329.9800109863281,-0.07749510840010598
28,2020-10-26,4,0.5555555555555555,326.5400085449219,-0.08711211238112693
28,2020-10-26,5,0.5555555555555555,330.20001220703125,-0.0768800644716876
28,2020-10-26,6,0.5555555555555555,336.0299987792969,-0.06058152834278385
28,2020-10-26,7,0.0,343.5400085449219,-0.03958625434408369
28,2020-10-26,8,0.0,350.239990234375,-0.020855526189746176
28,2020-10-26,9,0.0,350.1600036621094,-0.021079139747297027
28,2020-10-26,10,0.0,354.55999755859375,-0.008778346495051603
29,2021-01-29,-30,0.0,369.5899963378906,-0.0015668937753030576
29,2021-01-29,-29,0.0,370.1700134277344,0.0
29,2021-01-29,-28,0.0,372.239990234375,0.0
29,2021-01-29,-27,0.0,369.17999267578125,-0.008220496558328017
29,2021-01-29,-26,0.0,367.8599853515625,-0.011766615618205578
29,2021-01-29,-25,0.0,367.239990234375,-0.013432194635648487
29,2021-01-29,-24,0.0,367.57000732421875,-0.012545623878874146
29,2021-01-29,-23,0.0,369.0,-0.008704035889145034
29,2021-01-29,-22,0.0,372.1700134277344,-0.00018798841735556682
29,2021-01-29,-21,0.0,371.4599914550781,-0.0020954190838167186
29,2021-01-29,-20,0.0,371.989990234375,-0.0006716097317823744
29,2021-01-29,-19,0.0,373.8800048828125,0.0
29,2021-01-29,-18,0.1111111111111111,368.7900085449219,-0.013613983822124975
29,2021-01-29,-17,0.0,371.3299865722656,-0.00682041905756936
29,2021-01-29,-16,0.0,373.54998779296875,-0.000882681837845789
29,2021-01-29,-15,0.0,379.1000061035156,0.0
29,2021-01-29,-14,0.0,381.260009765625,0.0
29,2021-01-29,-13,0.0,378.69000244140625,-0.006740825836411779
29,2021-01-29,-12,0.0,378.7699890136719,-0.0065310304993273505
29,2021-01-29,-11,0.0,379.7900085449219,-0.003855639676468514
29,2021-01-29,-10,0.0,378.4599914550781,-0.007344117502037895
29,2021-01-29,-9,0.0,375.70001220703125,-0.01458321726952605
29,2021-01-29,-8,0.0,378.6499938964844,-0.006845763526956539
29,2021-01-29,-7,0.0,383.8900146484375,0.0
29,2021-01-29,-6,0.0,384.239990234375,0.0
29,2021-01-29,-5,0.0,382.8800048828125,-0.0035394164744094736
29,2021-01-29,-4,0.0,384.3900146484375,0.0
29,2021-01-29,-3,0.0,383.7900085449219,-0.001560930514972858
29,2021-01-29,-2,0.4444444444444444,374.4100036621094,-0.025963242035451528
29,2021-01-29,-1,0.1111111111111111,377.6300048828125,-0.017586330310395026
29,2021-01-29,0,0.5555555555555555,370.07000732421875,-0.03725384837927126
29,2021-01-29,1,0.1111111111111111,376.2300109863281,-0.02122844858384909
29,2021-01-29,2,0.0,381.54998779296875,-0.007388399144723445
29,2021-01-29,3,0.0,381.8500061035156,-0.006607894191125063
29,2021-01-29,4,0.0,386.19000244140625,0.0
29,2021-01-29,5,0.0,387.7099914550781,0.0
29,2021-01-29,6,0.0,390.510009765625,0.0
29,2021-01-29,7,0.0,390.25,-0.0006658210010571652
29,2021-01-29,8,0.0,390.0799865722656,-0.0011011835359033828
29,2021-01-29,9,0.0,390.7099914550781,0.0
29,2021-01-29,10,0.0,392.6400146484375,0.0
30,2021-09-20,-30,0.0,442.489990234375,0.0
30,2021-09-20,-29,0.0,442.1300048828125,-0.0008135446213638486
30,2021-09-20,-28,0.0,442.67999267578125,0.0
30,2021-09-20,-27,0.0,443.7799987792969,0.0
30,2021-09-20,-26,0.0,445.1099853515625,0.0
30,2021-09-20,-25,0.0,445.9200134277344,0.0
30,2021-09-20,-24,0.0,446.9700012207031,0.0
30,2021-09-20,-23,0.0,444.0400085449219,-0.00655523338877162
30,2021-09-20,-22,0.1111111111111111,439.17999267578125,-0.01742848183020529
30,2021-09-20,-21,0.1111111111111111,439.8599853515625,-0.01590714331996046
30,2021-09-20,-20,0.0,443.3599853515625,-0.008076640175585514
30,2021-09-20,-19,0.0,447.260009765625,0.0
30,2021-09-20,-18,0.0,447.9700012207031,0.0
30,2021-09-20,-17,0.0,448.9100036621094,0.0
30,2021-09-20,-16,0.0,446.260009765625,-0.005903174076911433
30,2021-09-20,-15,0.0,450.25,0.0
30,2021-09-20,-14,0.0,452.2300109863281,0.0
30,2021-09-20,-13,0.0,451.55999755859375,-0.0014815766566952382
30,2021-09-20,-12,0.0,451.79998779296875,-0.000950894860828666
30,2021-09-20,-11,0.0,453.19000244140625,0.0
30,2021-09-20,-10,0.0,453.0799865722656,-0.0002427588175996087
30,2021-09-20,-9,0.0,451.4599914550781,-0.003817407659057581
30,2021-09-20,-8,0.0,450.9100036621094,-0.0050309997286218655
30,2021-09-20,-7,0.0,448.9800109863281,-0.00928968298594024
30,2021-09-20,-6,0.1111111111111111,445.44000244140625,-0.01710099507546403
30,2021-09-20,-5,0.1111111111111111,446.5799865722656,-0.01458552888089193
30,2021-09-20,-4,0.1111111111111111,444.1700134277344,-0.01990332744561829
30,2021-09-20,-3,0.1111111111111111,447.8800048828125,-0.011716934464546802
30,2021-09-20,-2,0.1111111111111111,447.1700134277344,-0.01328358741640645
30,2021-09-20,-1,0.2222222222222222,441.3999938964844,-0.026015597169856464
30,2021-09-20,0,0.5555555555555555,434.0400085449219,-0.04225599371857347
30,2021-09-20,1,0.5555555555555555,433.6300048828125,-0.043160699603303154
30,2021-09-20,2,0.2222222222222222,437.8599853515625,-0.033826909259380256
30,2021-09-20,3,0.1111111111111111,443.17999267578125,-0.022087887446103127
30,2021-09-20,4,0.1111111111111111,443.9100036621094,-0.020477059796782937
30,2021-09-20,5,0.2222222222222222,442.6400146484375,-0.023279392166937307
30,2021-09-20,6,0.5555555555555555,433.7200012207031,-0.04296211548316409
30,2021-09-20,7,0.2222222222222222,434.45001220703125,-0.0413512878338439
30,2021-09-20,8,0.5555555555555555,429.1400146484375,-0.0530682222983907
30,2021-09-20,9,0.2222222222222222,434.239990234375,-0.04181471812031279
30,2021-09-20,10,0.5555555555555555,428.6400146484375,-0.05417151230325934
31,2021-10-04,-30,0.0,443.3599853515625,-0.008076640175585514
31,2021-10-04,-29,0.0,447.260009765625,0.0
31,2021-10-04,-28,0.0,447.9700012207031,0.0
31,2021-10-04,-27,0.0,448.9100036621094,0.0
31,2021-10-04,-26,0.0,446.260009765625,-0.005903174076911433
31,2021-10-04,-25,0.0,450.25,0.0
31,2021-10-04,-24,0.0,452.2300109863281,0.0
31,2021-10-04,-23,0.0,451.55999755859375,-0.0014815766566952382
31,2021-10-04,-22,0.0,451.79998779296875,-0.000950894860828666
31,2021-10-04,-21,0.0,453.19000244140625,0.0
31,2021-10-04,-20,0.0,453.0799865722656,-0.0002427588175996087
31,2021-10-04,-19,0.0,451.4599914550781,-0.003817407659057581
31,2021-10-04,-18,0.0,450.9100036621094,-0.0050309997286218655
31,2021-10-04,-17,0.0,448.9800109863281,-0.00928968298594024
31,2021-10-04,-16,0.1111111111111111,445.44000244140625,-0.01710099507546403
31,2021-10-04,-15,0.1111111111111111,446.5799865722656,-0.01458552888089193
31,2021-10-04,-14,0.1111111111111111,444.1700134277344,-0.01990332744561829
31,2021-10-04,-13,0.1111111111111111,447.8800048828125,-0.011716934464546802
31,2021-10-04,-12,0.1111111111111111,447.1700134277344,-0.01328358741640645
31,2021-10-04,-11,0.2222222222222222,441.3999938964844,-0.026015597169856464
31,2021-10-04,-10,0.5555555555555555,434.0400085449219,-0.04225599371857347
31,2021-10-04,-9,0.5555555555555555,433.6300048828125,-0.043160699603303154
31,2021-10-04,-8,0.2222222222222222,437.8599853515625,-0.033826909259380256
31,2021-10-04,-7,0.1111111111111111,443.17999267578125,-0.022087887446103127
31,2021-10-04,-6,0.1111111111111111,443.9100036621094,-0.020477059796782937
31,2021-10-04,-5,0.2222222222222222,442.6400146484375,-0.023279392166937307
31,2021-10-04,-4,0.5555555555555555,433.7200012207031,-0.04296211548316409
31,2021-10-04,-3,0.2222222222222222,434.45001220703125,-0.0413512878338439
31,2021-10-04,-2,0.5555555555555555,429.1400146484375,-0.0530682222983907
31,2021-10-04,-1,0.2222222222222222,434.239990234375,-0.04181471812031279
31,2021-10-04,0,0.5555555555555555,428.6400146484375,-0.05417151230325934
31,2021-10-04,1,0.2222222222222222,433.1000061035156,-0.04433018431488478
31,2021-10-04,2,0.2222222222222222,434.8999938964844,-0.040358367233148784
31,2021-10-04,3,0.5555555555555555,438.6600036621094,-0.03206160484790366
31,2021-10-04,4,0.5555555555555555,437.8599853515625,-0.033826909259380256
31,2021-10-04,5,0.5555555555555555,434.69000244140625,-0.04082173018013979
31,2021-10-04,6,0.5555555555555555,433.6199951171875,-0.04318278695203337
31,2021-10-04,7,0.5555555555555555,435.17999267578125,-0.03974052752400148
31,2021-10-04,8,0.4444444444444444,442.5,-0.02358834569124979
31,2021-10-04,9,0.3333333333333333,445.8699951171875,-0.016152181832751578
31,2021-10-04,10,0.3333333333333333,447.19000244140625,-0.01323948005842368
32,2022-01-18,-30,0.4444444444444444,453.4200134277344,-0.03472206837358849
32,2022-01-18,-29,0.4444444444444444,458.7900085449219,-0.023289979744821276
32,2022-01-18,-28,0.3333333333333333,468.2799987792969,-0.0030869056119845473
32,2022-01-18,-27,0.0,469.5199890136719,-0.00044711210215253594
32,2022-01-18,-26,0.3333333333333333,466.3500061035156,-0.00719563324411665
32,2022-01-18,-25,0.0,470.739990234375,0.0
32,2022-01-18,-24,0.0,466.57000732421875,-0.008858357047762389
32,2022-01-18,-23,0.4444444444444444,463.3599853515625,-0.015677454722166417
32,2022-01-18,-22,0.0,470.6000061035156,-0.00029737038229893376
32,2022-01-18,-21,0.0,466.45001220703125,-0.009113264469432059
32,2022-01-18,-20,0.4444444444444444,459.8699951171875,-0.023091293161168425
32,2022-01-18,-19,0.5555555555555555,454.9800109863281,-0.03347915956789693
32,2022-01-18,-18,0.0,463.05999755859375,-0.01631472327634087
32,2022-01-18,-17,0.0,467.69000244140625,-0.006479134673581077
32,2022-01-18,-16,0.0,470.6000061035156,-0.00029737038229893376
32,2022-01-18,-15,0.0,477.260009765625,0.0
32,2022-01-18,-14,0.0,476.8699951171875,-0.0008171953242616103
32,2022-01-18,-13,0.0,477.4800109863281,0.0
32,2022-01-18,-12,0.0,476.1600036621094,-0.0027645289726202504
32,2022-01-18,-11,0.0,474.9599914550781,-0.005277748750244893
32,2022-01-18,-10,0.0,477.7099914550781,0.0
32,2022-01-18,-9,0.0,477.54998779296875,-0.00033493890638969237
32,2022-01-18,-8,0.1111111111111111,468.3800048828125,-0.01953064984855557
32,2022-01-18,-7,0.1111111111111111,467.94000244140625,-0.020451715870361098
32,2022-01-18,-6,0.2222222222222222,466.0899963378906,-0.024324371114352483
32,2022-01-18,-5,0.2222222222222222,465.510009765625,-0.025538468752333676
32,2022-01-18,-4,0.0,469.75,-0.01666281132373315
32,2022-01-18,-3,0.0,471.0199890136719,-0.014004317600787242
32,2022-01-18,-2,0.2222222222222222,464.5299987792969,-0.02758994559782124
32,2022-01-18,-1,0.2222222222222222,464.7200012207031,-0.027192209639175013
32,2022-01-18,0,0.5555555555555555,456.489990234375,-0.04442025831628138
32,2022-01-18,1,0.5555555555555555,451.75,-0.054342575871200505
32,2022-01-18,2,0.5555555555555555,446.75,-0.06480917713438583
32,2022-01-18,3,0.6666666666666666,437.9800109863281,-0.08316757275210984
32,2022-01-18,4,0.6666666666666666,439.8399963378906,-0.07927402774607584
32,2022-01-18,5,0.6666666666666666,434.4700012207031,-0.0905151472814466
32,2022-01-18,6,0.6666666666666666,433.3800048828125,-0.0927968586908533
32,2022-01-18,7,0.6666666666666666,431.239990234375,-0.09727659469536754
32,2022-01-18,8,1.0,441.95001220703125,-0.07485708879381814
32,2022-01-18,9,0.8888888888888888,449.9100036621094,-0.05819427747008499
32,2022-01-18,10,0.8888888888888888,452.95001220703125,-0.051830566014810286
33,2022-01-27,-30,0.4444444444444444,463.3599853515625,-0.015677454722166417
33,2022-01-27,-29,0.0,470.6000061035156,-0.00029737038229893376
33,2022-01-27,-28,0.0,466.45001220703125,-0.009113264469432059
33,2022-01-27,-27,0.4444444444444444,459.8699951171875,-0.023091293161168425
33,2022-01-27,-26,0.5555555555555555,454.9800109863281,-0.03347915956789693
33,2022-01-27,-25,0.0,463.05999755859375,-0.01631472327634087
33,2022-01-27,-24,0.0,467.69000244140625,-0.006479134673581077
33,2022-01-27,-23,0.0,470.6000061035156,-0.00029737038229893376
33,2022-01-27,-22,0.0,477.260009765625,0.0
33,2022-01-27,-21,0.0,476.8699951171875,-0.0008171953242616103
33,2022-01-27,-20,0.0,477.4800109863281,0.0
33,2022-01-27,-19,0.0,476.1600036621094,-0.0027645289726202504
33,2022-01-27,-18,0.0,474.9599914550781,-0.005277748750244893
33,2022-01-27,-17,0.0,477.7099914550781,0.0
33,2022-01-27,-16,0.0,477.54998779296875,-0.00033493890638969237
33,2022-01-27,-15,0.1111111111111111,468.3800048828125,-0.01953064984855557
33,2022-01-27,-14,0.1111111111111111,467.94000244140625,-0.020451715870361098
33,2022-01-27,-13,0.2222222222222222,466.0899963378906,-0.024324371114352483
33,2022-01-27,-12,0.2222222222222222,465.510009765625,-0.025538468752333676
33,2022-01-27,-11,0.0,469.75,-0.01666281132373315
33,2022-01-27,-10,0.0,471.0199890136719,-0.014004317600787242
33,2022-01-27,-9,0.2222222222222222,464.5299987792969,-0.02758994559782124
33,2022-01-27,-8,0.2222222222222222,464.7200012207031,-0.027192209639175013
33,2022-01-27,-7,0.5555555555555555,456.489990234375,-0.04442025831628138
33,2022-01-27,-6,0.5555555555555555,451.75,-0.054342575871200505
33,2022-01-27,-5,0.5555555555555555,446.75,-0.06480917713438583
33,2022-01-27,-4,0.6666666666666666,437.9800109863281,-0.08316757275210984
33,2022-01-27,-3,0.6666666666666666,439.8399963378906,-0.07927402774607584
33,2022-01-27,-2,0.6666666666666666,434.4700012207031,-0.0905151472814466
33,2022-01-27,-1,0.6666666666666666,433.3800048828125,-0.0927968586908533
33,2022-01-27,0,0.6666666666666666,431.239990234375,-0.09727659469536754
33,2022-01-27,1,1.0,441.95001220703125,-0.07485708879381814
33,2022-01-27,2,0.8888888888888888,449.9100036621094,-0.05819427747008499
33,2022-01-27,3,0.8888888888888888,452.95001220703125,-0.051830566014810286
33,2022-01-27,4,0.7777777777777778,457.3500061035156,-0.04261996967981996
33,2022-01-27,5,0.8888888888888888,446.6000061035156,-0.06512316239566862
33,2022-01-27,6,0.8888888888888888,448.70001220703125,-0.060727177088517825
33,2022-01-27,7,0.8888888888888888,447.260009765625,-0.06374156336296033
33,2022-01-27,8,0.7777777777777778,450.94000244140625,-0.056038160165191364
33,2022-01-27,9,0.4444444444444444,457.5400085449219,-0.04222223372117384
33,2022-01-27,10,0.7777777777777778,449.32000732421875,-0.059429328753173194
34,2022-02-10,-30,0.0,477.4800109863281,0.0
34,2022-02-10,-29,0.0,476.1600036621094,-0.0027645289726202504
34,2022-02-10,-28,0.0,474.9599914550781,-0.005277748750244893
34,2022-02-10,-27,0.0,477.7099914550781,0.0
34,2022-02-10,-26,0.0,477.54998779296875,-0.00033493890638969237
34,2022-02-10,-25,0.1111111111111111,468.3800048828125,-0.01953064984855557
34,2022-02-10,-24,0.1111111111111111,467.94000244140625,-0.020451715870361098
34,2022-02-10,-23,0.2222222222222222,466.0899963378906,-0.024324371114352483
34,2022-02-10,-22,0.2222222222222222,465.510009765625,-0.025538468752333676
34,2022-02-10,-21,0.0,469.75,-0.01666281132373315
34,2022-02-10,-20,0.0,471.0199890136719,-0.014004317600787242
34,2022-02-10,-19,0.2222222222222222,464.5299987792969,-0.02758994559782124
34,2022-02-10,-18,0.2222222222222222,464.7200012207031,-0.027192209639175013
34,2022-02-10,-17,0.5555555555555555,456.489990234375,-0.04442025831628138
34,2022-02-10,-16,0.5555555555555555,451.75,-0.054342575871200505
34,2022-02-10,-15,0.5555555555555555,446.75,-0.06480917713438583
34,2022-02-10,-14,0.6666666666666666,437.9800109863281,-0.08316757275210984
34,2022-02-10,-13,0.6666666666666666,439.8399963378906,-0.07927402774607584
34,2022-02-10,-12,0.6666666666666666,434.4700012207031,-0.0905151472814466
34,2022-02-10,-11,0.6666666666666666,433.3800048828125,-0.0927968586908533
34,2022-02-10,-10,0.6666666666666666,431.239990234375,-0.09727659469536754
34,2022-02-10,-9,1.0,441.95001220703125,-0.07485708879381814
34,2022-02-10,-8,0.8888888888888888,449.9100036621094,-0.05819427747008499
34,2022-02-10,-7,0.8888888888888888,452.95001220703125,-0.051830566014810286
34,2022-02-10,-6,0.7777777777777778,457.3500061035156,-0.04261996967981996
34,2022-02-10,-5,0.8888888888888888,446.6000061035156,-0.06512316239566862
34,2022-02-10,-4,0.8888888888888888,448.70001220703125,-0.060727177088517825
34,2022-02-10,-3,0.8888888888888888,447.260009765625,-0.06374156336296033
34,2022-02-10,-2,0.7777777777777778,450.94000244140625,-0.056038160165191364
34,2022-02-10,-1,0.4444444444444444,457.5400085449219,-0.04222223372117384
34,2022-02-10,0,0.7777777777777778,449.32000732421875,-0.059429328753173194
34,2022-02-10,1,1.0,440.4599914550781,-0.0779761794107311
34,2022-02-10,2,1.0,439.0199890136719,-0.0809905656851736
34,2022-02-10,3,0.7777777777777778,446.1000061035156,-0.06616982252198711
34,2022-02-10,4,0.7777777777777778,446.6000061035156,-0.06512316239566862
34,2022-02-10,5,1.0,437.05999755859375,-0.08509345549308434
34,2022-02-10,6,1.0,434.2300109863281,-0.09101752369949889
34,2022-02-10,7,1.0,429.57000732421875,-0.10077240374275542
34,2022-02-10,8,1.0,421.95001220703125,-0.11672349384655967
34,2022-02-10,9,1.0,428.29998779296875,-0.10343096134876573
34,2022-02-10,10,1.0,437.75,-0.08364905940811962
35,2022-04-11,-30,1.0,436.6300048828125,-0.08599356786978285
35,2022-04-11,-29,1.0,429.9800109863281,-0.09991413477320654
35,2022-04-11,-28,1.0,437.8900146484375,-0.08335596390887945
35,2022-04-11,-27,1.0,435.7099914550781,-0.08791945061075723
35,2022-04-11,-26,1.0,432.1700134277344,-0.09532975830928614
35,2022-04-11,-25,1.0,419.42999267578125,-0.12199870176836625
35,2022-04-11,-24,1.0,416.25,-0.12865544483981672
35,2022-04-11,-23,1.0,427.4100036621094,-0.10529398315441918
35,2022-04-11,-22,1.0,425.4800109863281,-0.10933407591007338
35,2022-04-11,-21,1.0,420.07000732421875,-0.1206589461428077
35,2022-04-11,-20,1.0,417.0,-0.12708545465033894
35,2022-04-11,-19,1.0,426.1700134277344,-0.10788967982510866
35,2022-04-11,-18,0.8888888888888888,435.6199951171875,-0.08810784176752684
35,2022-04-11,-17,0.8888888888888888,441.07000732421875,-0.07669922083742908
35,2022-04-11,-16,0.7777777777777778,444.5199890136719,-0.06947730429566978
35,2022-04-11,-15,0.7777777777777778,444.3900146484375,-0.06974938226673855
35,2022-04-11,-14,0.6666666666666666,449.5899963378906,-0.05886415528286426
35,2022-04-11,-13,0.7777777777777778,443.79998779296875,-0.07098449743289104
35,2022-04-11,-12,0.6666666666666666,450.489990234375,-0.056980179832103794
35,2022-04-11,-11,0.0,452.69000244140625,-0.05237484972307649
35,2022-04-11,-10,0.0,455.9100036621094,-0.04563435595426257
35,2022-04-11,-9,0.0,461.54998779296875,-0.03382806294858287
35,2022-04-11,-8,0.0,458.70001220703125,-0.03979397456214706
35,2022-04-11,-7,0.0,451.6400146484375,-0.054572810435119634
35,2022-04-11,-6,0.0,452.9200134277344,-0.05189336306706682
35,2022-04-11,-5,0.0,456.79998779296875,-0.04377133414860901
35,2022-04-11,-4,0.3333333333333333,451.0299987792969,-0.05584976900842176
35,2022-04-11,-3,0.4444444444444444,446.5199890136719,-0.06529066379039561
35,2022-04-11,-2,0.3333333333333333,448.7699890136719,-0.060580693221962134
35,2022-04-11,-1,0.1111111111111111,447.57000732421875,-0.06309263919528807
35,2022-04-11,0,0.6666666666666666,439.9200134277344,-0.07910652635134885
35,2022-04-11,1,0.6666666666666666,438.2900085449219,-0.08251864858443758
35,2022-04-11,2,0.5555555555555555,443.30999755859375,-0.07201020391410262
35,2022-04-11,3,0.6666666666666666,437.7900085449219,-0.08356530871075607
35,2022-04-11,4,0.6666666666666666,437.9700012207031,-0.08318852639721686
35,2022-04-11,5,0.2222222222222222,445.0400085449219,-0.06838873687913727
35,2022-04-11,6,0.2222222222222222,444.7099914550781,-0.06907956833702356
35,2022-04-11,7,0.6666666666666666,438.05999755859375,-0.08300013524044725
35,2022-04-11,8,0.6666666666666666,426.0400085449219,-0.10816182167924171
35,2022-04-11,9,0.6666666666666666,428.510009765625,-0.10299131809990558
35,2022-04-11,10,0.6666666666666666,416.1000061035156,-0.1289694301010994
36,2022-04-21,-30,1.0,427.4100036621094,-0.10529398315441918
36,2022-04-21,-29,1.0,425.4800109863281,-0.10933407591007338
36,2022-04-21,-28,1.0,420.07000732421875,-0.1206589461428077
36,2022-04-21,-27,1.0,417.0,-0.12708545465033894
36,2022-04-21,-26,1.0,426.1700134277344,-0.10788967982510866
36,2022-04-21,-25,0.8888888888888888,435.6199951171875,-0.08810784176752684
36,2022-04-21,-24,0.8888888888888888,441.07000732421875,-0.07669922083742908
36,2022-04-21,-23,0.7777777777777778,444.5199890136719,-0.06947730429566978
36,2022-04-21,-22,0.7777777777777778,444.3900146484375,-0.06974938226673855
36,2022-04-21,-21,0.6666666666666666,449.5899963378906,-0.05886415528286426
36,2022-04-21,-20,0.7777777777777778,443.79998779296875,-0.07098449743289104
36,2022-04-21,-19,0.6666666666666666,450.489990234375,-0.056980179832103794
36,2022-04-21,-18,0.0,452.69000244140625,-0.05237484972307649
36,2022-04-21,-17,0.0,455.9100036621094,-0.04563435595426257
36,2022-04-21,-16,0.0,461.54998779296875,-0.03382806294858287
36,2022-04-21,-15,0.0,458.70001220703125,-0.03979397456214706
36,2022-04-21,-14,0.0,451.6400146484375,-0.054572810435119634
36,2022-04-21,-13,0.0,452.9200134277344,-0.05189336306706682
36,2022-04-21,-12,0.0,456.79998779296875,-0.04377133414860901
36,2022-04-21,-11,0.3333333333333333,451.0299987792969,-0.05584976900842176
36,2022-04-21,-10,0.4444444444444444,446.5199890136719,-0.06529066379039561
36,2022-04-21,-9,0.3333333333333333,448.7699890136719,-0.060580693221962134
36,2022-04-21,-8,0.1111111111111111,447.57000732421875,-0.06309263919528807
36,2022-04-21,-7,0.6666666666666666,439.9200134277344,-0.07910652635134885
36,2022-04-21,-6,0.6666666666666666,438.2900085449219,-0.08251864858443758
36,2022-04-21,-5,0.5555555555555555,443.30999755859375,-0.07201020391410262
36,2022-04-21,-4,0.6666666666666666,437.7900085449219,-0.08356530871075607
36,2022-04-21,-3,0.6666666666666666,437.9700012207031,-0.08318852639721686
36,2022-04-21,-2,0.2222222222222222,445.0400085449219,-0.06838873687913727
36,2022-04-21,-1,0.2222222222222222,444.7099914550781,-0.06907956833702356
36,2022-04-21,0,0.6666666666666666,438.05999755859375,-0.08300013524044725
36,2022-04-21,1,0.6666666666666666,426.0400085449219,-0.10816182167924171
36,2022-04-21,2,0.6666666666666666,428.510009765625,-0.10299131809990558
36,2022-04-21,3,0.6666666666666666,416.1000061035156,-0.1289694301010994
36,2022-04-21,4,0.6666666666666666,417.2699890136719,-0.12652028118003011
36,2022-04-21,5,0.6666666666666666,427.80999755859375,-0.10445666782997731
36,2022-04-21,6,0.6666666666666666,412.0,-0.13755205591352426
36,2022-04-21,7,0.6666666666666666,414.4800109863281,-0.13236059868908123
36,2022-04-21,8,1.0,416.3800048828125,-0.12838330298568357
36,2022-04-21,9,1.0,429.05999755859375,-0.10184001751418092
36,2022-04-21,10,1.0,413.80999755859375,-0.13376315136689632
37,2022-05-02,-30,0.7777777777777778,444.5199890136719,-0.06947730429566978
37,2022-05-02,-29,0.7777777777777778,444.3900146484375,-0.06974938226673855
37,2022-05-02,-28,0.6666666666666666,449.5899963378906,-0.05886415528286426
37,2022-05-02,-27,0.7777777777777778,443.79998779296875,-0.07098449743289104
37,2022-05-02,-26,0.6666666666666666,450.489990234375,-0.056980179832103794
37,2022-05-02,-25,0.0,452.69000244140625,-0.05237484972307649
37,2022-05-02,-24,0.0,455.9100036621094,-0.04563435595426257
37,2022-05-02,-23,0.0,461.54998779296875,-0.03382806294858287
37,2022-05-02,-22,0.0,458.70001220703125,-0.03979397456214706
37,2022-05-02,-21,0.0,451.6400146484375,-0.054572810435119634
37,2022-05-02,-20,0.0,452.9200134277344,-0.05189336306706682
37,2022-05-02,-19,0.0,456.79998779296875,-0.04377133414860901
37,2022-05-02,-18,0.3333333333333333,451.0299987792969,-0.05584976900842176
37,2022-05-02,-17,0.4444444444444444,446.5199890136719,-0.06529066379039561
37,2022-05-02,-16,0.3333333333333333,448.7699890136719,-0.060580693221962134
37,2022-05-02,-15,0.1111111111111111,447.57000732421875,-0.06309263919528807
37,2022-05-02,-14,0.6666666666666666,439.9200134277344,-0.07910652635134885
37,2022-05-02,-13,0.6666666666666666,438.2900085449219,-0.08251864858443758
37,2022-05-02,-12,0.5555555555555555,443.30999755859375,-0.07201020391410262
37,2022-05-02,-11,0.6666666666666666,437.7900085449219,-0.08356530871075607
37,2022-05-02,-10,0.6666666666666666,437.9700012207031,-0.08318852639721686
37,2022-05-02,-9,0.2222222222222222,445.0400085449219,-0.06838873687913727
37,2022-05-02,-8,0.2222222222222222,444.7099914550781,-0.06907956833702356
37,2022-05-02,-7,0.6666666666666666,438.05999755859375,-0.08300013524044725
37,2022-05-02,-6,0.6666666666666666,426.0400085449219,-0.10816182167924171
37,2022-05-02,-5,0.6666666666666666,428.510009765625,-0.10299131809990558
37,2022-05-02,-4,0.6666666666666666,416.1000061035156,-0.1289694301010994
37,2022-05-02,-3,0.6666666666666666,417.2699890136719,-0.12652028118003011
37,2022-05-02,-2,0.6666666666666666,427.80999755859375,-0.10445666782997731
37,2022-05-02,-1,0.6666666666666666,412.0,-0.13755205591352426
37,2022-05-02,0,0.6666666666666666,414.4800109863281,-0.13236059868908123
37,2022-05-02,1,1.0,416.3800048828125,-0.12838330298568357
37,2022-05-02,2,1.0,429.05999755859375,-0.10184001751418092
37,2022-05-02,3,1.0,413.80999755859375,-0.13376315136689632
37,2022-05-02,4,1.0,411.3399963378906,-0.13893365494623255
37,2022-05-02,5,1.0,398.1700134277344,-0.16650264689894678
37,2022-05-02,6,1.0,399.0899963378906,-0.16457682804103668
37,2022-05-02,7,1.0,392.75,-0.177848470776788
37,2022-05-02,8,1.0,392.3399963378906,-0.178706739746337
37,2022-05-02,9,1.0,401.7200012207031,-0.15907138555531086
37,2022-05-02,10,1.0,400.0899963378906,-0.1624835077883996
38,2022-09-06,-30,0.1111111111111111,395.57000732421875,-0.17194529233241607
38,2022-09-06,-29,0.2222222222222222,390.8900146484375,-0.18174201578282212
38,2022-09-06,-28,0.1111111111111111,401.0400085449219,-0.16049482799516868
38,2022-09-06,-27,0.1111111111111111,406.07000732421875,-0.1499654296797267
38,2022-09-06,-26,0.1111111111111111,411.989990234375,-0.13757300955863128
38,2022-09-06,-25,0.1111111111111111,410.7699890136719,-0.14012686282217113
38,2022-09-06,-24,0.1111111111111111,408.05999755859375,-0.14579974281955954
38,2022-09-06,-23,0.1111111111111111,414.45001220703125,-0.13242339574133777
38,2022-09-06,-22,0.1111111111111111,414.1700134277344,-0.1330095228567535
38,2022-09-06,-21,0.1111111111111111,413.4700012207031,-0.13447487258682522
38,2022-09-06,-20,0.1111111111111111,412.989990234375,-0.1354796893059942
38,2022-09-06,-19,0.1111111111111111,411.3500061035156,-0.13891270130112554
38,2022-09-06,-18,0.1111111111111111,419.989990234375,-0.12082644753753469
38,2022-09-06,-17,0.1111111111111111,419.989990234375,-0.12082644753753469
38,2022-09-06,-16,0.1111111111111111,427.1000061035156,-0.10594290732209155
38,2022-09-06,-15,0.1111111111111111,428.8599853515625,-0.10225870711793406
38,2022-09-06,-14,0.1111111111111111,429.70001220703125,-0.10050026188862227
38,2022-09-06,-13,0.1111111111111111,426.6499938964844,-0.10688492698900398
38,2022-09-06,-12,0.1111111111111111,427.8900146484375,-0.10428916643525021
38,2022-09-06,-11,0.1111111111111111,422.1400146484375,-0.11632575788791344
38,2022-09-06,-10,0.2222222222222222,413.3500061035156,-0.13472606079585137
38,2022-09-06,-9,0.2222222222222222,412.3500061035156,-0.13681938104848845
38,2022-09-06,-8,0.2222222222222222,413.6700134277344,-0.1340561829830721
38,2022-09-06,-7,0.1111111111111111,419.510009765625,-0.12183120037363926
38,2022-09-06,-6,0.2222222222222222,405.30999755859375,-0.1515563735143115
38,2022-09-06,-5,0.2222222222222222,402.6300048828125,-0.15716645645944338
38,2022-09-06,-4,0.3333333333333333,398.2099914550781,-0.16641896008464763
38,2022-09-06,-3,0.3333333333333333,395.17999267578125,-0.17276171789481543
38,2022-09-06,-2,0.3333333333333333,396.4200134277344,-0.17016595734106166
38,2022-09-06,-1,0.3333333333333333,392.239990234375,-0.1789160845482135
38,2022-09-06,0,0.6666666666666666,390.760009765625,-0.18201415763695528
38,2022-09-06,1,0.3333333333333333,397.7799987792969,-0.16731907246134614
38,2022-09-06,2,0.3333333333333333,400.3800048828125,-0.16187642702787686
38,2022-09-06,3,0.2222222222222222,406.6000061035156,-0.14885597250115168
38,2022-09-06,4,0.1111111111111111,410.9700012207031,-0.13970817321841789
38,2022-09-06,5,0.6666666666666666,393.1000061035156,-0.1771157959117522
38,2022-09-06,6,0.3333333333333333,394.6000061035156,-0.17397581553279662
38,2022-09-06,7,0.6666666666666666,390.1199951171875,-0.18335391326251382
38,2022-09-06,8,0.6666666666666666,385.55999755859375,-0.19289944850389373
38,2022-09-06,9,0.6666666666666666,388.54998779296875,-0.18664044139108948
38,2022-09-06,10,1.0,384.0899963378906,-0.19597663183059288
39,2022-09-15,-30,0.1111111111111111,414.45001220703125,-0.13242339574133777
39,2022-09-15,-29,0.1111111111111111,414.1700134277344,-0.1330095228567535
39,2022-09-15,-28,0.1111111111111111,413.4700012207031,-0.13447487258682522
39,2022-09-15,-27,0.1111111111111111,412.989990234375,-0.1354796893059942
39,2022-09-15,-26,0.1111111111111111,411.3500061035156,-0.13891270130112554
39,2022-09-15,-25,0.1111111111111111,419.989990234375,-0.12082644753753469
39,2022-09-15,-24,0.1111111111111111,419.989990234375,-0.12082644753753469
39,2022-09-15,-23,0.1111111111111111,427.1000061035156,-0.10594290732209155
39,2022-09-15,-22,0.1111111111111111,428.8599853515625,-0.10225870711793406
39,2022-09-15,-21,0.1111111111111111,429.70001220703125,-0.10050026188862227
39,2022-09-15,-20,0.1111111111111111,426.6499938964844,-0.10688492698900398
39,2022-09-15,-19,0.1111111111111111,427.8900146484375,-0.10428916643525021
39,2022-09-15,-18,0.1111111111111111,422.1400146484375,-0.11632575788791344
39,2022-09-15,-17,0.2222222222222222,413.3500061035156,-0.13472606079585137
39,2022-09-15,-16,0.2222222222222222,412.3500061035156,-0.13681938104848845
39,2022-09-15,-15,0.2222222222222222,413.6700134277344,-0.1340561829830721
39,2022-09-15,-14,0.1111111111111111,419.510009765625,-0.12183120037363926
39,2022-09-15,-13,0.2222222222222222,405.30999755859375,-0.1515563735143115
39,2022-09-15,-12,0.2222222222222222,402.6300048828125,-0.15716645645944338
39,2022-09-15,-11,0.3333333333333333,398.2099914550781,-0.16641896008464763
39,2022-09-15,-10,0.3333333333333333,395.17999267578125,-0.17276171789481543
39,2022-09-15,-9,0.3333333333333333,396.4200134277344,-0.17016595734106166
39,2022-09-15,-8,0.3333333333333333,392.239990234375,-0.1789160845482135
39,2022-09-15,-7,0.6666666666666666,390.760009765625,-0.18201415763695528
39,2022-09-15,-6,0.3333333333333333,397.7799987792969,-0.16731907246134614
39,2022-09-15,-5,0.3333333333333333,400.3800048828125,-0.16187642702787686
39,2022-09-15,-4,0.2222222222222222,406.6000061035156,-0.14885597250115168
39,2022-09-15,-3,0.1111111111111111,410.9700012207031,-0.13970817321841789
39,2022-09-15,-2,0.6666666666666666,393.1000061035156,-0.1771157959117522
39,2022-09-15,-1,0.3333333333333333,394.6000061035156,-0.17397581553279662
39,2022-09-15,0,0.6666666666666666,390.1199951171875,-0.18335391326251382
39,2022-09-15,1,0.6666666666666666,385.55999755859375,-0.19289944850389373
39,2022-09-15,2,0.6666666666666666,388.54998779296875,-0.18664044139108948
39,2022-09-15,3,1.0,384.0899963378906,-0.19597663183059288
39,2022-09-15,4,1.0,377.3900146484375,-0.21000183919342263
39,2022-09-15,5,1.0,374.2200012207031,-0.2166376925028305
39,2022-09-15,6,1.0,367.95001220703125,-0.22976278748896184
39,2022-09-15,7,1.0,364.30999755859375,-0.23738250387243165
39,2022-09-15,8,1.0,363.3800048828125,-0.23932927637544865
39,2022-09-15,9,1.0,370.5299987792969,-0.22436204934570647
39,2022-09-15,10,1.0,362.7900085449219,-0.24056432765853686
40,2023-01-04,-30,0.1111111111111111,396.0299987792969,-0.17098238290346102
40,2023-01-04,-29,0.1111111111111111,394.5899963378906,-0.17399676917790352
40,2023-01-04,-28,0.1111111111111111,399.8999938964844,-0.16288124374704582
40,2023-01-04,-27,0.1111111111111111,402.4200134277344,-0.15760603582523924
40,2023-01-04,-26,0.1111111111111111,402.3299865722656,-0.15779449086507313
40,2023-01-04,-25,0.1111111111111111,395.9100036621094,-0.17123357111248716
40,2023-01-04,-24,0.1111111111111111,395.2300109863281,-0.17265701355234497
40,2023-01-04,-23,0.0,407.67999267578125,-0.1465952147368519
40,2023-01-04,-22,0.0,407.3800048828125,-0.14722318525941736
40,2023-01-04,-21,0.0,406.9100036621094,-0.1482070483334793
40,2023-01-04,-20,0.1111111111111111,399.5899963378906,-0.1635301679147182
40,2023-01-04,-19,0.2222222222222222,393.8299865722656,-0.17558771301248832
40,2023-01-04,-18,0.2222222222222222,393.1600036621094,-0.17699020180723912
40,2023-01-04,-17,0.2222222222222222,396.239990234375,-0.17054280353766527
40,2023-01-04,-16,0.2222222222222222,393.2799987792969,-0.17673901359821298
40,2023-01-04,-15,0.1111111111111111,398.95001220703125,-0.16486985965721246
40,2023-01-04,-14,0.1111111111111111,401.9700012207031,-0.15854805549215156
40,2023-01-04,-13,0.1111111111111111,399.3999938964844,-0.1639279038733643
40,2023-01-04,-12,0.2222222222222222,389.6300048828125,-0.1843796197437254
40,2023-01-04,-11,0.3333333333333333,383.2699890136719,-0.19769316976969065
40,2023-01-04,-10,0.3333333333333333,380.0199890136719,-0.2044964605907612
40,2023-01-04,-9,0.3333333333333333,380.5400085449219,-0.2034078931742287
40,2023-01-04,-8,0.3333333333333333,386.2300109863281,-0.19149689582607865
40,2023-01-04,-7,0.3333333333333333,380.7200012207031,-0.20303111086068948
40,2023-01-04,-6,0.3333333333333333,382.9100036621094,-0.1984467343967692
40,2023-01-04,-5,0.3333333333333333,381.3999938964844,-0.20160766842083178
40,2023-01-04,-4,0.3333333333333333,376.6600036621094,-0.2115299859757509
40,2023-01-04,-3,0.3333333333333333,383.44000244140625,-0.19733727721819405
40,2023-01-04,-2,0.3333333333333333,382.42999267578125,-0.19945155111593815
40,2023-01-04,-1,0.3333333333333333,380.82000732421875,-0.20282176605881297
40,2023-01-04,0,0.6666666666666666,383.760009765625,-0.19639824191138777
40,2023-01-04,1,0.6666666666666666,379.3800048828125,-0.19455646526330206
40,2023-01-04,2,0.5555555555555555,388.0799865722656,-0.1760859504393535
40,2023-01-04,3,0.5555555555555555,387.8599853515625,-0.17655302450379784
40,2023-01-04,4,0.4444444444444444,390.5799865722656,-0.1707783200663091
40,2023-01-04,5,0.4444444444444444,395.5199890136719,-0.1602904372659406
40,2023-01-04,6,0.4444444444444444,396.9599914550781,-0.1572332369878342
40,2023-01-04,7,0.3333333333333333,398.5,-0.1424944074857113
40,2023-01-04,8,0.3333333333333333,397.7699890136719,-0.14406526947661025
40,2023-01-04,9,0.4444444444444444,391.489990234375,-0.15179287056989288
40,2023-01-04,10,0.5555555555555555,388.6400146484375,-0.15796766346624946
41,2023-03-15,-30,0.0,406.4800109863281,-0.11931530335418972
41,2023-03-15,-29,0.0,410.79998779296875,-0.10995558735181732
41,2023-03-15,-28,0.0,416.7799987792969,-0.09699922044793496
41,2023-03-15,-27,0.0,412.3500061035156,-0.10659729821403896
41,2023-03-15,-26,0.0,409.8299865722656,-0.11205720417850484
41,2023-03-15,-25,0.0,415.19000244140625,-0.10044412648182666
41,2023-03-15,-24,0.0,410.6499938964844,-0.11028056601166225
41,2023-03-15,-23,0.0,407.0899963378906,-0.11799370143089793
41,2023-03-15,-22,0.0,408.0400085449219,-0.11593539305226697
41,2023-03-15,-21,0.0,412.8299865722656,-0.10555736650253533
41,2023-03-15,-20,0.0,412.6400146484375,-0.10596896205849349
41,2023-03-15,-19,0.0,413.9800109863281,-0.10306570916426594
41,2023-03-15,-18,0.0,408.2799987792969,-0.11541542719651521
41,2023-03-15,-17,0.1111111111111111,407.260009765625,-0.11762534820322834
41,2023-03-15,-16,0.1111111111111111,399.0899963378906,-0.1353266019001499
41,2023-03-15,-15,0.1111111111111111,398.5400085449219,-0.1365182123595038
41,2023-03-15,-14,0.1111111111111111,400.6600036621094,-0.13192500431431486
41,2023-03-15,-13,0.2222222222222222,396.3800048828125,-0.14119810342057393
41,2023-03-15,-12,0.1111111111111111,397.7300109863281,-0.1382731632424341
41,2023-03-15,-11,0.2222222222222222,396.260009765625,-0.1414580863484498
41,2023-03-15,-10,0.2222222222222222,394.739990234375,-0.14475137975425922
41,2023-03-15,-9,0.1111111111111111,397.80999755859375,-0.13809986333043944
41,2023-03-15,-8,0.1111111111111111,404.19000244140625,-0.12427686462704812
41,2023-03-15,-7,0.1111111111111111,404.4700012207031,-0.12367021575541504
41,2023-03-15,-6,0.2222222222222222,398.2699890136719,-0.1371032400669926
41,2023-03-15,-5,0.1111111111111111,398.9200134277344,-0.13569488900805138
41,2023-03-15,-4,0.3333333333333333,391.55999755859375,-0.1516411918220426
41,2023-03-15,-3,0.3333333333333333,385.9100036621094,-0.16388253955449827
41,2023-03-15,-2,0.3333333333333333,385.3599853515625,-0.16507421613362017
41,2023-03-15,-1,0.3333333333333333,391.7300109863281,-0.15127283859437313
41,2023-03-15,0,0.6666666666666666,389.2799987792969,-0.15658106581098874
41,2023-03-15,1,0.5555555555555555,396.1099853515625,-0.14178313112806273
41,2023-03-15,2,0.6666666666666666,389.989990234375,-0.15504278940787763
41,2023-03-15,3,0.5555555555555555,393.739990234375,-0.1469179923129158
41,2023-03-15,4,0.4444444444444444,398.9100036621094,-0.13571657629196376
41,2023-03-15,5,0.6666666666666666,392.1099853515625,-0.1504495813626887
41,2023-03-15,6,0.5555555555555555,393.1700134277344,-0.14815291122032626
41,2023-03-15,7,0.4444444444444444,395.75,-0.14256307991169048
41,2023-03-15,8,0.4444444444444444,396.489990234375,-0.14095980777661044
41,2023-03-15,9,0.4444444444444444,395.6000061035156,-0.1428880585715353
41,2023-03-15,10,0.3333333333333333,401.3500061035156,-0.13043003635926043
42,2023-03-17,-30,0.0,416.7799987792969,-0.09699922044793496
42,2023-03-17,-29,0.0,412.3500061035156,-0.10659729821403896
42,2023-03-17,-28,0.0,409.8299865722656,-0.11205720417850484
42,2023-03-17,-27,0.0,415.19000244140625,-0.10044412648182666
42,2023-03-17,-26,0.0,410.6499938964844,-0.11028056601166225
42,2023-03-17,-25,0.0,407.0899963378906,-0.11799370143089793
42,2023-03-17,-24,0.0,408.0400085449219,-0.11593539305226697
42,2023-03-17,-23,0.0,412.8299865722656,-0.10555736650253533
42,2023-03-17,-22,0.0,412.6400146484375,-0.10596896205849349
42,2023-03-17,-21,0.0,413.9800109863281,-0.10306570916426594
42,2023-03-17,-20,0.0,408.2799987792969,-0.11541542719651521
42,2023-03-17,-19,0.1111111111111111,407.260009765625,-0.11762534820322834
42,2023-03-17,-18,0.1111111111111111,399.0899963378906,-0.1353266019001499
42,2023-03-17,-17,0.1111111111111111,398.5400085449219,-0.1365182123595038
42,2023-03-17,-16,0.1111111111111111,400.6600036621094,-0.13192500431431486
42,2023-03-17,-15,0.2222222222222222,396.3800048828125,-0.14119810342057393
42,2023-03-17,-14,0.1111111111111111,397.7300109863281,-0.1382731632424341
42,2023-03-17,-13,0.2222222222222222,396.260009765625,-0.1414580863484498
42,2023-03-17,-12,0.2222222222222222,394.739990234375,-0.14475137975425922
42,2023-03-17,-11,0.1111111111111111,397.80999755859375,-0.13809986333043944
42,2023-03-17,-10,0.1111111111111111,404.19000244140625,-0.12427686462704812
42,2023-03-17,-9,0.1111111111111111,404.4700012207031,-0.12367021575541504
42,2023-03-17,-8,0.2222222222222222,398.2699890136719,-0.1371032400669926
42,2023-03-17,-7,0.1111111111111111,398.9200134277344,-0.13569488900805138
42,2023-03-17,-6,0.3333333333333333,391.55999755859375,-0.1516411918220426
42,2023-03-17,-5,0.3333333333333333,385.9100036621094,-0.16388253955449827
42,2023-03-17,-4,0.3333333333333333,385.3599853515625,-0.16507421613362017
42,2023-03-17,-3,0.3333333333333333,391.7300109863281,-0.15127283859437313
42,2023-03-17,-2,0.6666666666666666,389.2799987792969,-0.15658106581098874
42,2023-03-17,-1,0.5555555555555555,396.1099853515625,-0.14178313112806273
42,2023-03-17,0,0.6666666666666666,389.989990234375,-0.15504278940787763
42,2023-03-17,1,0.5555555555555555,393.739990234375,-0.1469179923129158
42,2023-03-17,2,0.4444444444444444,398.9100036621094,-0.13571657629196376
42,2023-03-17,3,0.6666666666666666,392.1099853515625,-0.1504495813626887
42,2023-03-17,4,0.5555555555555555,393.1700134277344,-0.14815291122032626
42,2023-03-17,5,0.4444444444444444,395.75,-0.14256307991169048
42,2023-03-17,6,0.4444444444444444,396.489990234375,-0.14095980777661044
42,2023-03-17,7,0.4444444444444444,395.6000061035156,-0.1428880585715353
42,2023-03-17,8,0.3333333333333333,401.3500061035156,-0.13043003635926043
42,2023-03-17,9,0.3333333333333333,403.70001220703125,-0.11990407354769395
42,2023-03-17,10,0.3333333333333333,409.3900146484375,-0.10378715939462424
43,2023-10-19,-30,0.1111111111111111,444.8500061035156,-0.028266240415634747
43,2023-10-19,-29,0.1111111111111111,445.5199890136719,-0.026802724616577067
43,2023-10-19,-28,0.0,448.45001220703125,-0.020402359517582402
43,2023-10-19,-27,0.1111111111111111,445.989990234375,-0.025776050351236424
43,2023-10-19,-26,0.1111111111111111,446.510009765625,-0.02464011570534308
43,2023-10-19,-25,0.0,450.3599853515625,-0.016230199555852254
43,2023-10-19,-24,0.2222222222222222,443.3699951171875,-0.03149918774673166
43,2023-10-19,-23,0.2222222222222222,443.6300048828125,-0.030931220423784933
43,2023-10-19,-22,0.2222222222222222,442.7099914550781,-0.032940904799943826
43,2023-10-19,-21,0.2222222222222222,438.6400146484375,-0.04183139330050545
43,2023-10-19,-20,0.2222222222222222,431.3900146484375,-0.05766834881433158
43,2023-10-19,-19,0.2222222222222222,430.4200134277344,-0.05978722690821192
43,2023-10-19,-18,0.2222222222222222,432.2300109863281,-0.05583345438192455
43,2023-10-19,-17,0.2222222222222222,425.8800048828125,-0.06970445633694544
43,2023-10-19,-16,0.2222222222222222,426.04998779296875,-0.06933314436642746
43,2023-10-19,-15,0.2222222222222222,428.5199890136719,-0.06393765478692792
43,2023-10-19,-14,0.2222222222222222,427.4800109863281,-0.06620939075305199
43,2023-10-19,-13,0.2222222222222222,427.30999755859375,-0.06658076938640134
43,2023-10-19,-12,0.2222222222222222,421.5899963378906,-0.07907558385140911
43,2023-10-19,-11,0.2222222222222222,424.6600036621094,-0.07236943634509563
43,2023-10-19,-10,0.2222222222222222,424.5,-0.0727189495697681
43,2023-10-19,-9,0.5555555555555555,429.5400085449219,-0.06170951631249477
43,2023-10-19,-8,0.5555555555555555,432.2900085449219,-0.05570239525552634
43,2023-10-19,-7,0.4444444444444444,434.5400085449219,-0.05078747802709749
43,2023-10-19,-6,0.4444444444444444,436.32000732421875,-0.04689923506400928
43,2023-10-19,-5,0.4444444444444444,433.6600036621094,-0.05270976743138045
43,2023-10-19,-4,0.4444444444444444,431.5,-0.05742809597021181
43,2023-10-19,-3,0.4444444444444444,436.0400085449219,-0.04751086654147829
43,2023-10-19,-2,0.4444444444444444,436.0199890136719,-0.04755459735883194
43,2023-10-19,-1,0.4444444444444444,430.2099914550781,-0.06024600051343709
43,2023-10-19,0,0.8888888888888888,426.42999267578125,-0.06850305879068419
43,2023-10-19,1,1.0,421.19000244140625,-0.07994933358167455
43,2023-10-19,2,0.6666666666666666,420.4599914550781,-0.08154397516996192
43,2023-10-19,3,0.5555555555555555,423.6300048828125,-0.07461937356537418
43,2023-10-19,4,0.6666666666666666,417.54998779296875,-0.08790060945160283
43,2023-10-19,5,1.0,412.54998779296875,-0.09882264773700022
43,2023-10-19,6,1.0,410.67999267578125,-0.10290747938968581
43,2023-10-19,7,0.6666666666666666,415.5899963378906,-0.0921820297938859
43,2023-10-19,8,0.6666666666666666,418.20001220703125,-0.08648069114423618
43,2023-10-19,9,0.6666666666666666,422.6600036621094,-0.07673825165925452
43,2023-10-19,10,0.1111111111111111,430.760009765625,-0.059044536304344586
44,2023-10-25,-30,0.1111111111111111,446.510009765625,-0.02464011570534308
44,2023-10-25,-29,0.0,450.3599853515625,-0.016230199555852254
44,2023-10-25,-28,0.2222222222222222,443.3699951171875,-0.03149918774673166
44,2023-10-25,-27,0.2222222222222222,443.6300048828125,-0.030931220423784933
44,2023-10-25,-26,0.2222222222222222,442.7099914550781,-0.032940904799943826
44,2023-10-25,-25,0.2222222222222222,438.6400146484375,-0.04183139330050545
44,2023-10-25,-24,0.2222222222222222,431.3900146484375,-0.05766834881433158
44,2023-10-25,-23,0.2222222222222222,430.4200134277344,-0.05978722690821192
44,2023-10-25,-22,0.2222222222222222,432.2300109863281,-0.05583345438192455
44,2023-10-25,-21,0.2222222222222222,425.8800048828125,-0.06970445633694544
44,2023-10-25,-20,0.2222222222222222,426.04998779296875,-0.06933314436642746
44,2023-10-25,-19,0.2222222222222222,428.5199890136719,-0.06393765478692792
44,2023-10-25,-18,0.2222222222222222,427.4800109863281,-0.06620939075305199
44,2023-10-25,-17,0.2222222222222222,427.30999755859375,-0.06658076938640134
44,2023-10-25,-16,0.2222222222222222,421.5899963378906,-0.07907558385140911
44,2023-10-25,-15,0.2222222222222222,424.6600036621094,-0.07236943634509563
44,2023-10-25,-14,0.2222222222222222,424.5,-0.0727189495697681
44,2023-10-25,-13,0.5555555555555555,429.5400085449219,-0.06170951631249477
44,2023-10-25,-12,0.5555555555555555,432.2900085449219,-0.05570239525552634
44,2023-10-25,-11,0.4444444444444444,434.5400085449219,-0.05078747802709749
44,2023-10-25,-10,0.4444444444444444,436.32000732421875,-0.04689923506400928
44,2023-10-25,-9,0.4444444444444444,433.6600036621094,-0.05270976743138045
44,2023-10-25,-8,0.4444444444444444,431.5,-0.05742809597021181
44,2023-10-25,-7,0.4444444444444444,436.0400085449219,-0.04751086654147829
44,2023-10-25,-6,0.4444444444444444,436.0199890136719,-0.04755459735883194
44,2023-10-25,-5,0.4444444444444444,430.2099914550781,-0.06024600051343709
44,2023-10-25,-4,0.8888888888888888,426.42999267578125,-0.06850305879068419
44,2023-10-25,-3,1.0,421.19000244140625,-0.07994933358167455
44,2023-10-25,-2,0.6666666666666666,420.4599914550781,-0.08154397516996192
44,2023-10-25,-1,0.5555555555555555,423.6300048828125,-0.07461937356537418
44,2023-10-25,0,0.6666666666666666,417.54998779296875,-0.08790060945160283
44,2023-10-25,1,1.0,412.54998779296875,-0.09882264773700022
44,2023-10-25,2,1.0,410.67999267578125,-0.10290747938968581
44,2023-10-25,3,0.6666666666666666,415.5899963378906,-0.0921820297938859
44,2023-10-25,4,0.6666666666666666,418.20001220703125,-0.08648069114423618
44,2023-10-25,5,0.6666666666666666,422.6600036621094,-0.07673825165925452
44,2023-10-25,6,0.1111111111111111,430.760009765625,-0.059044536304344586
44,2023-10-25,7,0.0,434.69000244140625,-0.0504598302111019
44,2023-10-25,8,0.0,435.69000244140625,-0.048275422554022396
44,2023-10-25,9,0.0,436.92999267578125,-0.04556677839134993
44,2023-10-25,10,0.0,437.25,-0.044867751942004985
45,2024-04-15,-30,0.0,512.8499755859375,0.0
45,2024-04-15,-29,0.0,512.2999877929688,-0.0010724145835053767
45,2024-04-15,-28,0.0,507.17999267578125,-0.011055831490833556
45,2024-04-15,-27,0.0,509.75,-0.006044605115552049
45,2024-04-15,-26,0.0,514.8099975585938,0.0
45,2024-04-15,-25,0.0,511.7200012207031,-0.00600220732414769
45,2024-04-15,-24,0.0,511.2799987792969,-0.006856896322987804
45,2024-04-15,-23,0.0,516.780029296875,0.0
45,2024-04-15,-22,0.0,515.969970703125,-0.0015675114126452172
45,2024-04-15,-21,0.0,514.9500122070312,-0.003541191582681069
45,2024-04-15,-20,0.0,509.8299865722656,-0.013448744786182076
45,2024-04-15,-19,0.0,512.8599853515625,-0.007585517479547499
45,2024-04-15,-18,0.0,515.7100219726562,-0.002070527620184115
45,2024-04-15,-17,0.0,520.47998046875,0.0
45,2024-04-15,-16,0.0,522.2000122070312,0.0
45,2024-04-15,-15,0.0,521.2100219726562,-0.001895806609024997
45,2024-04-15,-14,0.0,519.77001953125,-0.004653375371461821
45,2024-04-15,-13,0.0,518.8099975585938,-0.006491793506687049
45,2024-04-15,-12,0.0,523.1699829101562,0.0
45,2024-04-15,-11,0.0,523.0700073242188,-0.00019109579907738983
45,2024-04-15,-10,0.0,522.1599731445312,-0.0019305575599096736
45,2024-04-15,-9,0.0,518.8400268554688,-0.008276384724142494
45,2024-04-15,-8,0.0,519.4099731445312,-0.00718697533965873
45,2024-04-15,-7,0.4444444444444444,513.0700073242188,-0.019305342270892423
45,2024-04-15,-6,0.0,518.4299926757812,-0.00906013416138407
45,2024-04-15,-5,0.0,518.719970703125,-0.008505863012778114
45,2024-04-15,-4,0.0,519.3200073242188,-0.007358938226007972
45,2024-04-15,-3,0.1111111111111111,514.1199951171875,-0.017298369724172202
45,2024-04-15,-2,0.1111111111111111,518.0,-0.009882032759979786
45,2024-04-15,-1,0.4444444444444444,510.8500061035156,-0.023548707320917406
45,2024-04-15,0,0.5555555555555555,504.45001220703125,-0.0357818133964688
45,2024-04-15,1,0.5555555555555555,503.5299987792969,-0.03754034973797826
45,2024-04-15,2,0.5555555555555555,500.54998779296875,-0.04323641618611751
45,2024-04-15,3,0.5555555555555555,499.5199890136719,-0.0452051812394324
45,2024-04-15,4,0.5555555555555555,495.1600036621094,-0.05353896470175934
45,2024-04-15,5,0.5555555555555555,499.7200012207031,-0.04482287297717569
45,2024-04-15,6,0.2222222222222222,505.6499938964844,-0.033488138819081636
45,2024-04-15,7,0.2222222222222222,505.4100036621094,-0.0339468620681489
45,2024-04-15,8,0.2222222222222222,503.489990234375,-0.03761682305683978
45,2024-04-15,9,0.2222222222222222,508.260009765625,-0.028499290157271373
45,2024-04-15,10,0.1111111111111111,510.05999755859375,-0.025058749125165036
46,2024-07-24,-30,0.0,535.6599731445312,0.0
46,2024-07-24,-29,0.0,536.9500122070312,0.0
46,2024-07-24,-28,0.0,541.3599853515625,0.0
46,2024-07-24,-27,0.0,542.4500122070312,0.0
46,2024-07-24,-26,0.0,542.780029296875,0.0
46,2024-07-24,-25,0.0,547.0999755859375,0.0
46,2024-07-24,-24,0.0,548.489990234375,0.0
46,2024-07-24,-23,0.0,547.0,-0.002716531314889248
46,2024-07-24,-22,0.0,544.510009765625,-0.007256249958270566
46,2024-07-24,-21,0.0,542.739990234375,-0.010483327138828824
46,2024-07-24,-20,0.0,544.8300170898438,-0.006672816659730296
46,2024-07-24,-19,0.0,545.510009765625,-0.005433062629778607
46,2024-07-24,-18,0.0,546.3699951171875,-0.0038651482341210963
46,2024-07-24,-17,0.0,544.219970703125,-0.007785045501788268
46,2024-07-24,-16,0.0,545.3400268554688,-0.005742973317635625
46,2024-07-24,-15,0.0,549.010009765625,0.0
46,2024-07-24,-14,0.0,551.4600219726562,0.0
46,2024-07-24,-13,0.0,554.6400146484375,0.0
46,2024-07-24,-12,0.0,555.280029296875,0.0
46,2024-07-24,-11,0.0,555.8200073242188,0.0
46,2024-07-24,-10,0.0,561.3200073242188,0.0
46,2024-07-24,-9,0.0,556.47998046875,-0.008622580332635743
46,2024-07-24,-8,0.0,559.989990234375,-0.002369445365369871
46,2024-07-24,-7,0.0,561.530029296875,0.0
46,2024-07-24,-6,0.0,564.8599853515625,0.0
46,2024-07-24,-5,0.0,556.9400024414062,-0.014021143496696697
46,2024-07-24,-4,0.3333333333333333,552.6599731445312,-0.021598294309054467
46,2024-07-24,-3,0.4444444444444444,548.989990234375,-0.028095449365757807
46,2024-07-24,-2,0.0,554.6500244140625,-0.018075206603890392
46,2024-07-24,-1,0.0,553.780029296875,-0.01961540265202444
46,2024-07-24,0,0.5555555555555555,541.22998046875,-0.04183338437065154
46,2024-07-24,1,0.5555555555555555,538.4099731445312,-0.046825784960797034
46,2024-07-24,2,0.4444444444444444,544.4400024414062,-0.036150521261383184
46,2024-07-24,3,0.4444444444444444,544.760009765625,-0.03558399622417496
46,2024-07-24,4,0.5555555555555555,542.0,-0.04047018012319403
46,2024-07-24,5,0.4444444444444444,550.8099975585938,-0.02487339899678709
46,2024-07-24,6,0.5555555555555555,543.010009765625,-0.038682109111231044
46,2024-07-24,7,0.5555555555555555,532.9000244140625,-0.0565803239144449
46,2024-07-24,8,0.5555555555555555,517.3800048828125,-0.08405619392423236
46,2024-07-24,9,0.5555555555555555,522.1500244140625,-0.0756115887920753
46,2024-07-24,10,0.5555555555555555,518.6599731445312,-0.08179020182900176
47,2024-07-30,-30,0.0,542.780029296875,0.0
47,2024-07-30,-29,0.0,547.0999755859375,0.0
47,2024-07-30,-28,0.0,548.489990234375,0.0
47,2024-07-30,-27,0.0,547.0,-0.002716531314889248
47,2024-07-30,-26,0.0,544.510009765625,-0.007256249958270566
47,2024-07-30,-25,0.0,542.739990234375,-0.010483327138828824
47,2024-07-30,-24,0.0,544.8300170898438,-0.006672816659730296
47,2024-07-30,-23,0.0,545.510009765625,-0.005433062629778607
47,2024-07-30,-22,0.0,546.3699951171875,-0.0038651482341210963
47,2024-07-30,-21,0.0,544.219970703125,-0.007785045501788268
47,2024-07-30,-20,0.0,545.3400268554688,-0.005742973317635625
47,2024-07-30,-19,0.0,549.010009765625,0.0
47,2024-07-30,-18,0.0,551.4600219726562,0.0
47,2024-07-30,-17,0.0,554.6400146484375,0.0
47,2024-07-30,-16,0.0,555.280029296875,0.0
47,2024-07-30,-15,0.0,555.8200073242188,0.0
47,2024-07-30,-14,0.0,561.3200073242188,0.0
47,2024-07-30,-13,0.0,556.47998046875,-0.008622580332635743
47,2024-07-30,-12,0.0,559.989990234375,-0.002369445365369871
47,2024-07-30,-11,0.0,561.530029296875,0.0
47,2024-07-30,-10,0.0,564.8599853515625,0.0
47,2024-07-30,-9,0.0,556.9400024414062,-0.014021143496696697
47,2024-07-30,-8,0.3333333333333333,552.6599731445312,-0.021598294309054467
47,2024-07-30,-7,0.4444444444444444,548.989990234375,-0.028095449365757807
47,2024-07-30,-6,0.0,554.6500244140625,-0.018075206603890392
47,2024-07-30,-5,0.0,553.780029296875,-0.01961540265202444
47,2024-07-30,-4,0.5555555555555555,541.22998046875,-0.04183338437065154
47,2024-07-30,-3,0.5555555555555555,538.4099731445312,-0.046825784960797034
47,2024-07-30,-2,0.4444444444444444,544.4400024414062,-0.036150521261383184
47,2024-07-30,-1,0.4444444444444444,544.760009765625,-0.03558399622417496
47,2024-07-30,0,0.5555555555555555,542.0,-0.04047018012319403
47,2024-07-30,1,0.4444444444444444,550.8099975585938,-0.02487339899678709
47,2024-07-30,2,0.5555555555555555,543.010009765625,-0.038682109111231044
47,2024-07-30,3,0.5555555555555555,532.9000244140625,-0.0565803239144449
47,2024-07-30,4,0.5555555555555555,517.3800048828125,-0.08405619392423236
47,2024-07-30,5,0.5555555555555555,522.1500244140625,-0.0756115887920753
47,2024-07-30,6,0.5555555555555555,518.6599731445312,-0.08179020182900176
47,2024-07-30,7,0.5555555555555555,530.6500244140625,-0.06056361191208848
47,2024-07-30,8,0.5555555555555555,532.989990234375,-0.05642105290455646
47,2024-07-30,9,0.5555555555555555,533.27001953125,-0.05592530297689835
47,2024-07-30,10,0.7777777777777778,542.0399780273438,-0.04039940501364392
48,2024-08-01,-30,0.0,548.489990234375,0.0
48,2024-08-01,-29,0.0,547.0,-0.002716531314889248
48,2024-08-01,-28,0.0,544.510009765625,-0.007256249958270566
48,2024-08-01,-27,0.0,542.739990234375,-0.010483327138828824
48,2024-08-01,-26,0.0,544.8300170898438,-0.006672816659730296
48,2024-08-01,-25,0.0,545.510009765625,-0.005433062629778607
48,2024-08-01,-24,0.0,546.3699951171875,-0.0038651482341210963
48,2024-08-01,-23,0.0,544.219970703125,-0.007785045501788268
48,2024-08-01,-22,0.0,545.3400268554688,-0.005742973317635625
48,2024-08-01,-21,0.0,549.010009765625,0.0
48,2024-08-01,-20,0.0,551.4600219726562,0.0
48,2024-08-01,-19,0.0,554.6400146484375,0.0
48,2024-08-01,-18,0.0,555.280029296875,0.0
48,2024-08-01,-17,0.0,555.8200073242188,0.0
48,2024-08-01,-16,0.0,561.3200073242188,0.0
48,2024-08-01,-15,0.0,556.47998046875,-0.008622580332635743
48,2024-08-01,-14,0.0,559.989990234375,-0.002369445365369871
48,2024-08-01,-13,0.0,561.530029296875,0.0
48,2024-08-01,-12,0.0,564.8599853515625,0.0
48,2024-08-01,-11,0.0,556.9400024414062,-0.014021143496696697
48,2024-08-01,-10,0.3333333333333333,552.6599731445312,-0.021598294309054467
48,2024-08-01,-9,0.4444444444444444,548.989990234375,-0.028095449365757807
48,2024-08-01,-8,0.0,554.6500244140625,-0.018075206603890392
48,2024-08-01,-7,0.0,553.780029296875,-0.01961540265202444
48,2024-08-01,-6,0.5555555555555555,541.22998046875,-0.04183338437065154
48,2024-08-01,-5,0.5555555555555555,538.4099731445312,-0.046825784960797034
48,2024-08-01,-4,0.4444444444444444,544.4400024414062,-0.036150521261383184
48,2024-08-01,-3,0.4444444444444444,544.760009765625,-0.03558399622417496
48,2024-08-01,-2,0.5555555555555555,542.0,-0.04047018012319403
48,2024-08-01,-1,0.4444444444444444,550.8099975585938,-0.02487339899678709
48,2024-08-01,0,0.5555555555555555,543.010009765625,-0.038682109111231044
48,2024-08-01,1,0.5555555555555555,532.9000244140625,-0.0565803239144449
48,2024-08-01,2,0.5555555555555555,517.3800048828125,-0.08405619392423236
48,2024-08-01,3,0.5555555555555555,522.1500244140625,-0.0756115887920753
48,2024-08-01,4,0.5555555555555555,518.6599731445312,-0.08179020182900176
48,2024-08-01,5,0.5555555555555555,530.6500244140625,-0.06056361191208848
48,2024-08-01,6,0.5555555555555555,532.989990234375,-0.05642105290455646
48,2024-08-01,7,0.5555555555555555,533.27001953125,-0.05592530297689835
48,2024-08-01,8,0.7777777777777778,542.0399780273438,-0.04039940501364392
48,2024-08-01,9,0.7777777777777778,543.75,-0.03737206723613795
48,2024-08-01,10,0.3333333333333333,553.0700073242188,-0.020872390208355407
49,2024-08-09,-30,0.0,546.3699951171875,-0.0038651482341210963
49,2024-08-09,-29,0.0,544.219970703125,-0.007785045501788268
49,2024-08-09,-28,0.0,545.3400268554688,-0.005742973317635625
49,2024-08-09,-27,0.0,549.010009765625,0.0
49,2024-08-09,-26,0.0,551.4600219726562,0.0
49,2024-08-09,-25,0.0,554.6400146484375,0.0
49,2024-08-09,-24,0.0,555.280029296875,0.0
49,2024-08-09,-23,0.0,555.8200073242188,0.0
49,2024-08-09,-22,0.0,561.3200073242188,0.0
49,2024-08-09,-21,0.0,556.47998046875,-0.008622580332635743
49,2024-08-09,-20,0.0,559.989990234375,-0.002369445365369871
49,2024-08-09,-19,0.0,561.530029296875,0.0
49,2024-08-09,-18,0.0,564.8599853515625,0.0
49,2024-08-09,-17,0.0,556.9400024414062,-0.014021143496696697
49,2024-08-09,-16,0.3333333333333333,552.6599731445312,-0.021598294309054467
49,2024-08-09,-15,0.4444444444444444,548.989990234375,-0.028095449365757807
49,2024-08-09,-14,0.0,554.6500244140625,-0.018075206603890392
49,2024-08-09,-13,0.0,553.780029296875,-0.01961540265202444
49,2024-08-09,-12,0.5555555555555555,541.22998046875,-0.04183338437065154
49,2024-08-09,-11,0.5555555555555555,538.4099731445312,-0.046825784960797034
49,2024-08-09,-10,0.4444444444444444,544.4400024414062,-0.036150521261383184
49,2024-08-09,-9,0.4444444444444444,544.760009765625,-0.03558399622417496
49,2024-08-09,-8,0.5555555555555555,542.0,-0.04047018012319403
49,2024-08-09,-7,0.4444444444444444,550.8099975585938,-0.02487339899678709
49,2024-08-09,-6,0.5555555555555555,543.010009765625,-0.038682109111231044
49,2024-08-09,-5,0.5555555555555555,532.9000244140625,-0.0565803239144449
49,2024-08-09,-4,0.5555555555555555,517.3800048828125,-0.08405619392423236
49,2024-08-09,-3,0.5555555555555555,522.1500244140625,-0.0756115887920753
49,2024-08-09,-2,0.5555555555555555,518.6599731445312,-0.08179020182900176
49,2024-08-09,-1,0.5555555555555555,530.6500244140625,-0.06056361191208848
49,2024-08-09,0,0.5555555555555555,532.989990234375,-0.05642105290455646
49,2024-08-09,1,0.5555555555555555,533.27001953125,-0.05592530297689835
49,2024-08-09,2,0.7777777777777778,542.0399780273438,-0.04039940501364392
49,2024-08-09,3,0.7777777777777778,543.75,-0.03737206723613795
49,2024-08-09,4,0.3333333333333333,553.0700073242188,-0.020872390208355407
49,2024-08-09,5,0.3333333333333333,554.3099975585938,-0.018677173222674925
49,2024-08-09,6,0.3333333333333333,559.6099853515625,-0.009294338661168355
49,2024-08-09,7,0.6666666666666666,558.7000122070312,-0.010905309818852404
49,2024-08-09,8,0.6666666666666666,560.6199951171875,-0.007506267649205256
49,2024-08-09,9,0.3333333333333333,556.219970703125,-0.015295851843815877
49,2024-08-09,10,0.3333333333333333,562.1300048828125,-0.004833021526654768
50,2024-08-20,-30,0.0,555.8200073242188,0.0
50,2024-08-20,-29,0.0,561.3200073242188,0.0
50,2024-08-20,-28,0.0,556.47998046875,-0.008622580332635743
50,2024-08-20,-27,0.0,559.989990234375,-0.002369445365369871
50,2024-08-20,-26,0.0,561.530029296875,0.0
50,2024-08-20,-25,0.0,564.8599853515625,0.0
50,2024-08-20,-24,0.0,556.9400024414062,-0.014021143496696697
50,2024-08-20,-23,0.3333333333333333,552.6599731445312,-0.021598294309054467
50,2024-08-20,-22,0.4444444444444444,548.989990234375,-0.028095449365757807
50,2024-08-20,-21,0.0,554.6500244140625,-0.018075206603890392
50,2024-08-20,-20,0.0,553.780029296875,-0.01961540265202444
50,2024-08-20,-19,0.5555555555555555,541.22998046875,-0.04183338437065154
50,2024-08-20,-18,0.5555555555555555,538.4099731445312,-0.046825784960797034
50,2024-08-20,-17,0.4444444444444444,544.4400024414062,-0.036150521261383184
50,2024-08-20,-16,0.4444444444444444,544.760009765625,-0.03558399622417496
50,2024-08-20,-15,0.5555555555555555,542.0,-0.04047018012319403
50,2024-08-20,-14,0.4444444444444444,550.8099975585938,-0.02487339899678709
50,2024-08-20,-13,0.5555555555555555,543.010009765625,-0.038682109111231044
50,2024-08-20,-12,0.5555555555555555,532.9000244140625,-0.0565803239144449
50,2024-08-20,-11,0.5555555555555555,517.3800048828125,-0.08405619392423236
50,2024-08-20,-10,0.5555555555555555,522.1500244140625,-0.0756115887920753
50,2024-08-20,-9,0.5555555555555555,518.6599731445312,-0.08179020182900176
50,2024-08-20,-8,0.5555555555555555,530.6500244140625,-0.06056361191208848
50,2024-08-20,-7,0.5555555555555555,532.989990234375,-0.05642105290455646
50,2024-08-20,-6,0.5555555555555555,533.27001953125,-0.05592530297689835
50,2024-08-20,-5,0.7777777777777778,542.0399780273438,-0.04039940501364392
50,2024-08-20,-4,0.7777777777777778,543.75,-0.03737206723613795
50,2024-08-20,-3,0.3333333333333333,553.0700073242188,-0.020872390208355407
50,2024-08-20,-2,0.3333333333333333,554.3099975585938,-0.018677173222674925
50,2024-08-20,-1,0.3333333333333333,559.6099853515625,-0.009294338661168355
50,2024-08-20,0,0.6666666666666666,558.7000122070312,-0.010905309818852404
50,2024-08-20,1,0.6666666666666666,560.6199951171875,-0.007506267649205256
50,2024-08-20,2,0.3333333333333333,556.219970703125,-0.015295851843815877
50,2024-08-20,3,0.3333333333333333,562.1300048828125,-0.004833021526654768
50,2024-08-20,4,0.3333333333333333,560.7899780273438,-0.007205338366614189
50,2024-08-20,5,0.3333333333333333,561.5599975585938,-0.005842134119156794
50,2024-08-20,6,0.3333333333333333,558.2999877929688,-0.011613493128763364
50,2024-08-20,7,0.3333333333333333,558.3499755859375,-0.011524997228425149
50,2024-08-20,8,0.0,563.6799926757812,-0.0020890002945541664
50,2024-08-20,9,0.3333333333333333,552.0800170898438,-0.022625019638742194
50,2024-08-20,10,0.3333333333333333,550.9500122070312,-0.024625524032958035
51,2024-09-06,-30,0.5555555555555555,538.4099731445312,-0.046825784960797034
51,2024-09-06,-29,0.4444444444444444,544.4400024414062,-0.036150521261383184
51,2024-09-06,-28,0.4444444444444444,544.760009765625,-0.03558399622417496
51,2024-09-06,-27,0.5555555555555555,542.0,-0.04047018012319403
51,2024-09-06,-26,0.4444444444444444,550.8099975585938,-0.02487339899678709
51,2024-09-06,-25,0.5555555555555555,543.010009765625,-0.038682109111231044
51,2024-09-06,-24,0.5555555555555555,532.9000244140625,-0.0565803239144449
51,2024-09-06,-23,0.5555555555555555,517.3800048828125,-0.08405619392423236
51,2024-09-06,-22,0.5555555555555555,522.1500244140625,-0.0756115887920753
51,2024-09-06,-21,0.5555555555555555,518.6599731445312,-0.08179020182900176
51,2024-09-06,-20,0.5555555555555555,530.6500244140625,-0.06056361191208848
51,2024-09-06,-19,0.5555555555555555,532.989990234375,-0.05642105290455646
51,2024-09-06,-18,0.5555555555555555,533.27001953125,-0.05592530297689835
51,2024-09-06,-17,0.7777777777777778,542.0399780273438,-0.04039940501364392
51,2024-09-06,-16,0.7777777777777778,543.75,-0.03737206723613795
51,2024-09-06,-15,0.3333333333333333,553.0700073242188,-0.020872390208355407
51,2024-09-06,-14,0.3333333333333333,554.3099975585938,-0.018677173222674925
51,2024-09-06,-13,0.3333333333333333,559.6099853515625,-0.009294338661168355
51,2024-09-06,-12,0.6666666666666666,558.7000122070312,-0.010905309818852404
51,2024-09-06,-11,0.6666666666666666,560.6199951171875,-0.007506267649205256
51,2024-09-06,-10,0.3333333333333333,556.219970703125,-0.015295851843815877
51,2024-09-06,-9,0.3333333333333333,562.1300048828125,-0.004833021526654768
51,2024-09-06,-8,0.3333333333333333,560.7899780273438,-0.007205338366614189
51,2024-09-06,-7,0.3333333333333333,561.5599975585938,-0.005842134119156794
51,2024-09-06,-6,0.3333333333333333,558.2999877929688,-0.011613493128763364
51,2024-09-06,-5,0.3333333333333333,558.3499755859375,-0.011524997228425149
51,2024-09-06,-4,0.0,563.6799926757812,-0.0020890002945541664
51,2024-09-06,-3,0.3333333333333333,552.0800170898438,-0.022625019638742194
51,2024-09-06,-2,0.3333333333333333,550.9500122070312,-0.024625524032958035
51,2024-09-06,-1,0.4444444444444444,549.6099853515625,-0.026997840872917456
51,2024-09-06,0,0.5555555555555555,540.3599853515625,-0.04337358041878547
51,2024-09-06,1,0.5555555555555555,546.4099731445312,-0.03266298319139771
51,2024-09-06,2,0.5555555555555555,548.7899780273438,-0.028449541020713176
51,2024-09-06,3,0.4444444444444444,554.4199829101562,-0.018482460631210285
51,2024-09-06,4,0.3333333333333333,559.0900268554688,-0.010214847299729657
51,2024-09-06,5,0.3333333333333333,562.010009765625,-0.005045454908907621
51,2024-09-06,6,0.3333333333333333,562.8400268554688,-0.0035760339703236887
51,2024-09-06,7,0.3333333333333333,563.0700073242188,-0.0031688879966063066
51,2024-09-06,8,0.3333333333333333,561.4000244140625,-0.00612534261095965
51,2024-09-06,9,0.3333333333333333,570.97998046875,0.0
51,2024-09-06,10,0.3333333333333333,568.25,-0.004781219240837187
52,2024-12-20,-30,0.0,595.6099853515625,0.0
52,2024-12-20,-29,0.0,598.1900024414062,0.0
52,2024-12-20,-28,0.0,598.760009765625,0.0
52,2024-12-20,-27,0.0,596.9000244140625,-0.003106395419244068
52,2024-12-20,-26,0.0,597.1900024414062,-0.0026220978332092137
52,2024-12-20,-25,0.0,593.3499755859375,-0.009035396638805593
52,2024-12-20,-24,0.3333333333333333,585.75,-0.02172825431464198
52,2024-12-20,-23,0.0,588.1500244140625,-0.01771992981915338
52,2024-12-20,-22,0.3333333333333333,590.2999877929688,-0.014129236813874346
52,2024-12-20,-21,0.3333333333333333,590.5,-0.013795192783262578
52,2024-12-20,-20,0.3333333333333333,593.6699829101562,-0.008500946577011947
52,2024-12-20,-19,0.0,595.510009765625,-0.005427884205680633
52,2024-12-20,-18,0.0,597.530029296875,-0.0020542127875765592
52,2024-12-20,-17,0.0,600.6500244140625,0.0
52,2024-12-20,-16,0.0,598.8300170898438,-0.0030300628489846604
52,2024-12-20,-15,0.0,602.5499877929688,0.0
52,2024-12-20,-14,0.0,603.6300048828125,0.0
52,2024-12-20,-13,0.0,603.9099731445312,0.0
52,2024-12-20,-12,0.0,607.6599731445312,0.0
52,2024-12-20,-11,0.0,606.6599731445312,-0.00164565718361398
52,2024-12-20,-10,0.0,607.8099975585938,0.0
52,2024-12-20,-9,0.0,604.6799926757812,-0.005149643631043976
52,2024-12-20,-8,0.0,602.7999877929688,-0.008242723525030526
52,2024-12-20,-7,0.0,607.4600219726562,-0.0005757976791156416
52,2024-12-20,-6,0.0,604.3300170898438,-0.005725441310159618
52,2024-12-20,-5,0.0,604.2100219726562,-0.0059228633954651055
52,2024-12-20,-4,0.0,606.7899780273438,-0.0016781881432472723
52,2024-12-20,-3,0.0,604.2899780273438,-0.005791315617362236
52,2024-12-20,-2,0.5555555555555555,586.280029296875,-0.03542220158963938
52,2024-12-20,-1,0.5555555555555555,586.0999755859375,-0.035718435135748794
52,2024-12-20,0,0.5555555555555555,591.1500244140625,-0.02740983730351554
52,2024-12-20,1,0.4444444444444444,594.6900024414062,-0.021585684950703232
52,2024-12-20,2,0.0,601.2999877929688,-0.010710600009499527
52,2024-12-20,3,0.0,601.3400268554688,-0.010644725702296909
52,2024-12-20,4,0.1111111111111111,595.010009765625,-0.02105919258383837
52,2024-12-20,5,0.5555555555555555,588.219970703125,-0.03223051107115138
52,2024-12-20,6,0.5555555555555555,586.0800170898438,-0.035751271871198864
52,2024-12-20,7,0.5555555555555555,584.6400146484375,-0.038120437313015176
52,2024-12-20,8,0.2222222222222222,591.9500122070312,-0.02609365659542906
52,2024-12-20,9,0.1111111111111111,595.3599853515625,-0.02048339490472273
52,2024-12-20,10,0.5555555555555555,588.6300048828125,-0.03155590193123181
53,2024-12-30,-30,0.0,593.3499755859375,-0.009035396638805593
53,2024-12-30,-29,0.3333333333333333,585.75,-0.02172825431464198
53,2024-12-30,-28,0.0,588.1500244140625,-0.01771992981915338
53,2024-12-30,-27,0.3333333333333333,590.2999877929688,-0.014129236813874346
53,2024-12-30,-26,0.3333333333333333,590.5,-0.013795192783262578
53,2024-12-30,-25,0.3333333333333333,593.6699829101562,-0.008500946577011947
53,2024-12-30,-24,0.0,595.510009765625,-0.005427884205680633
53,2024-12-30,-23,0.0,597.530029296875,-0.0020542127875765592
53,2024-12-30,-22,0.0,600.6500244140625,0.0
53,2024-12-30,-21,0.0,598.8300170898438,-0.0030300628489846604
53,2024-12-30,-20,0.0,602.5499877929688,0.0
53,2024-12-30,-19,0.0,603.6300048828125,0.0
53,2024-12-30,-18,0.0,603.9099731445312,0.0
53,2024-12-30,-17,0.0,607.6599731445312,0.0
53,2024-12-30,-16,0.0,606.6599731445312,-0.00164565718361398
53,2024-12-30,-15,0.0,607.8099975585938,0.0
53,2024-12-30,-14,0.0,604.6799926757812,-0.005149643631043976
53,2024-12-30,-13,0.0,602.7999877929688,-0.008242723525030526
53,2024-12-30,-12,0.0,607.4600219726562,-0.0005757976791156416
53,2024-12-30,-11,0.0,604.3300170898438,-0.005725441310159618
53,2024-12-30,-10,0.0,604.2100219726562,-0.0059228633954651055
53,2024-12-30,-9,0.0,606.7899780273438,-0.0016781881432472723
53,2024-12-30,-8,0.0,604.2899780273438,-0.005791315617362236
53,2024-12-30,-7,0.5555555555555555,586.280029296875,-0.03542220158963938
53,2024-12-30,-6,0.5555555555555555,586.0999755859375,-0.035718435135748794
53,2024-12-30,-5,0.5555555555555555,591.1500244140625,-0.02740983730351554
53,2024-12-30,-4,0.4444444444444444,594.6900024414062,-0.021585684950703232
53,2024-12-30,-3,0.0,601.2999877929688,-0.010710600009499527
53,2024-12-30,-2,0.0,601.3400268554688,-0.010644725702296909
53,2024-12-30,-1,0.1111111111111111,595.010009765625,-0.02105919258383837
53,2024-12-30,0,0.5555555555555555,588.219970703125,-0.03223051107115138
53,2024-12-30,1,0.5555555555555555,586.0800170898438,-0.035751271871198864
53,2024-12-30,2,0.5555555555555555,584.6400146484375,-0.038120437313015176
53,2024-12-30,3,0.2222222222222222,591.9500122070312,-0.02609365659542906
53,2024-12-30,4,0.1111111111111111,595.3599853515625,-0.02048339490472273
53,2024-12-30,5,0.5555555555555555,588.6300048828125,-0.03155590193123181
53,2024-12-30,6,0.5555555555555555,589.489990234375,-0.030141010180492644
53,2024-12-30,7,0.5555555555555555,580.489990234375,-0.044948269087306425
53,2024-12-30,8,0.5555555555555555,581.3900146484375,-0.04346750302936453
53,2024-12-30,9,0.5555555555555555,582.1900024414062,-0.04215132232127805
53,2024-12-30,10,0.1111111111111111,592.780029296875,-0.024728070156940563
54,2025-01-13,-30,0.0,600.6500244140625,0.0
54,2025-01-13,-29,0.0,598.8300170898438,-0.0030300628489846604
54,2025-01-13,-28,0.0,602.5499877929688,0.0
54,2025-01-13,-27,0.0,603.6300048828125,0.0
54,2025-01-13,-26,0.0,603.9099731445312,0.0
54,2025-01-13,-25,0.0,607.6599731445312,0.0
54,2025-01-13,-24,0.0,606.6599731445312,-0.00164565718361398
54,2025-01-13,-23,0.0,607.8099975585938,0.0
54,2025-01-13,-22,0.0,604.6799926757812,-0.005149643631043976
54,2025-01-13,-21,0.0,602.7999877929688,-0.008242723525030526
54,2025-01-13,-20,0.0,607.4600219726562,-0.0005757976791156416
54,2025-01-13,-19,0.0,604.3300170898438,-0.005725441310159618
54,2025-01-13,-18,0.0,604.2100219726562,-0.0059228633954651055
54,2025-01-13,-17,0.0,606.7899780273438,-0.0016781881432472723
54,2025-01-13,-16,0.0,604.2899780273438,-0.005791315617362236
54,2025-01-13,-15,0.5555555555555555,586.280029296875,-0.03542220158963938
54,2025-01-13,-14,0.5555555555555555,586.0999755859375,-0.035718435135748794
54,2025-01-13,-13,0.5555555555555555,591.1500244140625,-0.02740983730351554
54,2025-01-13,-12,0.4444444444444444,594.6900024414062,-0.021585684950703232
54,2025-01-13,-11,0.0,601.2999877929688,-0.010710600009499527
54,2025-01-13,-10,0.0,601.3400268554688,-0.010644725702296909
54,2025-01-13,-9,0.1111111111111111,595.010009765625,-0.02105919258383837
54,2025-01-13,-8,0.5555555555555555,588.219970703125,-0.03223051107115138
54,2025-01-13,-7,0.5555555555555555,586.0800170898438,-0.035751271871198864
54,2025-01-13,-6,0.5555555555555555,584.6400146484375,-0.038120437313015176
54,2025-01-13,-5,0.2222222222222222,591.9500122070312,-0.02609365659542906
54,2025-01-13,-4,0.1111111111111111,595.3599853515625,-0.02048339490472273
54,2025-01-13,-3,0.5555555555555555,588.6300048828125,-0.03155590193123181
54,2025-01-13,-2,0.5555555555555555,589.489990234375,-0.030141010180492644
54,2025-01-13,-1,0.5555555555555555,580.489990234375,-0.044948269087306425
54,2025-01-13,0,0.5555555555555555,581.3900146484375,-0.04346750302936453
54,2025-01-13,1,0.5555555555555555,582.1900024414062,-0.04215132232127805
54,2025-01-13,2,0.1111111111111111,592.780029296875,-0.024728070156940563
54,2025-01-13,3,0.1111111111111111,591.6400146484375,-0.02660368038549321
54,2025-01-13,4,0.0,597.5800170898438,-0.01683088549027001
54,2025-01-13,5,0.0,603.0499877929688,-0.007831410777619063
54,2025-01-13,6,0.0,606.4400024414062,-0.002253985822362914
54,2025-01-13,7,0.0,609.75,0.0
54,2025-01-13,8,0.0,607.969970703125,-0.0029192772396473554
54,2025-01-13,9,0.3333333333333333,599.3699951171875,-0.017023378241594944
54,2025-01-13,10,0.0,604.52001953125,-0.008577253741287372
55,2025-02-24,-30,0.5555555555555555,589.489990234375,-0.030141010180492644
55,2025-02-24,-29,0.5555555555555555,580.489990234375,-0.044948269087306425
55,2025-02-24,-28,0.5555555555555555,581.3900146484375,-0.04346750302936453
55,2025-02-24,-27,0.5555555555555555,582.1900024414062,-0.04215132232127805
55,2025-02-24,-26,0.1111111111111111,592.780029296875,-0.024728070156940563
55,2025-02-24,-25,0.1111111111111111,591.6400146484375,-0.02660368038549321
55,2025-02-24,-24,0.0,597.5800170898438,-0.01683088549027001
55,2025-02-24,-23,0.0,603.0499877929688,-0.007831410777619063
55,2025-02-24,-22,0.0,606.4400024414062,-0.002253985822362914
55,2025-02-24,-21,0.0,609.75,0.0
55,2025-02-24,-20,0.0,607.969970703125,-0.0029192772396473554
55,2025-02-24,-19,0.3333333333333333,599.3699951171875,-0.017023378241594944
55,2025-02-24,-18,0.0,604.52001953125,-0.008577253741287372
55,2025-02-24,-17,0.0,601.8099975585938,-0.013021734221248416
55,2025-02-24,-16,0.0,605.0399780273438,-0.007724513280289003
55,2025-02-24,-15,0.0,601.8200073242188,-0.013005318041461655
55,2025-02-24,-14,0.3333333333333333,597.77001953125,-0.019647364442394455
55,2025-02-24,-13,0.3333333333333333,601.780029296875,-0.013070882661951666
55,2025-02-24,-12,0.0,604.219970703125,-0.00906933874026239
55,2025-02-24,-11,0.0,606.3200073242188,-0.005625244240723637
55,2025-02-24,-10,0.0,600.77001953125,-0.014727315241902406
55,2025-02-24,-9,0.0,604.8499755859375,-0.008036120400266467
55,2025-02-24,-8,0.0,605.3099975585938,-0.0072816768206744875
55,2025-02-24,-7,0.0,603.3599853515625,-0.010479728820725676
55,2025-02-24,-6,0.0,609.72998046875,-3.283235957363129e-05
55,2025-02-24,-5,0.0,609.7000122070312,-8.19808002767708e-05
55,2025-02-24,-4,0.0,611.489990234375,0.0
55,2025-02-24,-3,0.0,612.9299926757812,0.0
55,2025-02-24,-2,0.0,610.3800048828125,-0.00416032470826988
55,2025-02-24,-1,0.4444444444444444,599.9400024414062,-0.02119326903496177
55,2025-02-24,0,0.5555555555555555,597.2100219726562,-0.02564725317894556
55,2025-02-24,1,0.5555555555555555,594.239990234375,-0.0304928828165415
55,2025-02-24,2,0.5555555555555555,594.5399780273438,-0.03000345042368513
55,2025-02-24,3,0.5555555555555555,585.0499877929688,-0.04548644252355927
55,2025-02-24,4,0.5555555555555555,594.1799926757812,-0.03059076929511284
55,2025-02-24,5,0.5555555555555555,583.77001953125,-0.0475747205928555
55,2025-02-24,6,0.5555555555555555,576.8599853515625,-0.05884849453483754
55,2025-02-24,7,0.5555555555555555,583.0599975585938,-0.048733126905388224
55,2025-02-24,8,0.5555555555555555,572.7100219726562,-0.06561919172455954
55,2025-02-24,9,0.5555555555555555,575.9199829101562,-0.060382115752005694
55,2025-02-24,10,0.6666666666666666,560.5800170898438,-0.08540938804022402
56,2025-03-11,-30,0.3333333333333333,599.3699951171875,-0.017023378241594944
56,2025-03-11,-29,0.0,604.52001953125,-0.008577253741287372
56,2025-03-11,-28,0.0,601.8099975585938,-0.013021734221248416
56,2025-03-11,-27,0.0,605.0399780273438,-0.007724513280289003
56,2025-03-11,-26,0.0,601.8200073242188,-0.013005318041461655
56,2025-03-11,-25,0.3333333333333333,597.77001953125,-0.019647364442394455
56,2025-03-11,-24,0.3333333333333333,601.780029296875,-0.013070882661951666
56,2025-03-11,-23,0.0,604.219970703125,-0.00906933874026239
56,2025-03-11,-22,0.0,606.3200073242188,-0.005625244240723637
56,2025-03-11,-21,0.0,600.77001953125,-0.014727315241902406
56,2025-03-11,-20,0.0,604.8499755859375,-0.008036120400266467
56,2025-03-11,-19,0.0,605.3099975585938,-0.0072816768206744875
56,2025-03-11,-18,0.0,603.3599853515625,-0.010479728820725676
56,2025-03-11,-17,0.0,609.72998046875,-3.283235957363129e-05
56,2025-03-11,-16,0.0,609.7000122070312,-8.19808002767708e-05
56,2025-03-11,-15,0.0,611.489990234375,0.0
56,2025-03-11,-14,0.0,612.9299926757812,0.0
56,2025-03-11,-13,0.0,610.3800048828125,-0.00416032470826988
56,2025-03-11,-12,0.4444444444444444,599.9400024414062,-0.02119326903496177
56,2025-03-11,-11,0.5555555555555555,597.2100219726562,-0.02564725317894556
56,2025-03-11,-10,0.5555555555555555,594.239990234375,-0.0304928828165415
56,2025-03-11,-9,0.5555555555555555,594.5399780273438,-0.03000345042368513
56,2025-03-11,-8,0.5555555555555555,585.0499877929688,-0.04548644252355927
56,2025-03-11,-7,0.5555555555555555,594.1799926757812,-0.03059076929511284
56,2025-03-11,-6,0.5555555555555555,583.77001953125,-0.0475747205928555
56,2025-03-11,-5,0.5555555555555555,576.8599853515625,-0.05884849453483754
56,2025-03-11,-4,0.5555555555555555,583.0599975585938,-0.048733126905388224
56,2025-03-11,-3,0.5555555555555555,572.7100219726562,-0.06561919172455954
56,2025-03-11,-2,0.5555555555555555,575.9199829101562,-0.060382115752005694
56,2025-03-11,-1,0.6666666666666666,560.5800170898438,-0.08540938804022402
56,2025-03-11,0,0.6666666666666666,555.9199829101562,-0.09301226966679266
56,2025-03-11,1,1.0,558.8699951171875,-0.08819930204849613
56,2025-03-11,2,1.0,551.4199829101562,-0.10035405429761968
56,2025-03-11,3,1.0,562.8099975585938,-0.08177115774411003
56,2025-03-11,4,1.0,567.1500244140625,-0.07469037052969729
56,2025-03-11,5,1.0,561.02001953125,-0.08469152067092567
56,2025-03-11,6,1.0,567.1300048828125,-0.07472303254899682
56,2025-03-11,7,1.0,565.489990234375,-0.07739872906904777
56,2025-03-11,8,1.0,563.97998046875,-0.07986232162230655
56,2025-03-11,9,0.4444444444444444,574.0800170898438,-0.06338403414774285
56,2025-03-11,10,0.4444444444444444,575.4600219726562,-0.06113254556127634
57,2025-03-26,-30,0.0,605.3099975585938,-0.0072816768206744875
57,2025-03-26,-29,0.0,603.3599853515625,-0.010479728820725676
57,2025-03-26,-28,0.0,609.72998046875,-3.283235957363129e-05
57,2025-03-26,-27,0.0,609.7000122070312,-8.19808002767708e-05
57,2025-03-26,-26,0.0,611.489990234375,0.0
57,2025-03-26,-25,0.0,612.9299926757812,0.0
57,2025-03-26,-24,0.0,610.3800048828125,-0.00416032470826988
57,2025-03-26,-23,0.4444444444444444,599.9400024414062,-0.02119326903496177
57,2025-03-26,-22,0.5555555555555555,597.2100219726562,-0.02564725317894556
57,2025-03-26,-21,0.5555555555555555,594.239990234375,-0.0304928828165415
57,2025-03-26,-20,0.5555555555555555,594.5399780273438,-0.03000345042368513
57,2025-03-26,-19,0.5555555555555555,585.0499877929688,-0.04548644252355927
57,2025-03-26,-18,0.5555555555555555,594.1799926757812,-0.03059076929511284
57,2025-03-26,-17,0.5555555555555555,583.77001953125,-0.0475747205928555
57,2025-03-26,-16,0.5555555555555555,576.8599853515625,-0.05884849453483754
57,2025-03-26,-15,0.5555555555555555,583.0599975585938,-0.048733126905388224
57,2025-03-26,-14,0.5555555555555555,572.7100219726562,-0.06561919172455954
57,2025-03-26,-13,0.5555555555555555,575.9199829101562,-0.060382115752005694
57,2025-03-26,-12,0.6666666666666666,560.5800170898438,-0.08540938804022402
57,2025-03-26,-11,0.6666666666666666,555.9199829101562,-0.09301226966679266
57,2025-03-26,-10,1.0,558.8699951171875,-0.08819930204849613
57,2025-03-26,-9,1.0,551.4199829101562,-0.10035405429761968
57,2025-03-26,-8,1.0,562.8099975585938,-0.08177115774411003
57,2025-03-26,-7,1.0,567.1500244140625,-0.07469037052969729
57,2025-03-26,-6,1.0,561.02001953125,-0.08469152067092567
57,2025-03-26,-5,1.0,567.1300048828125,-0.07472303254899682
57,2025-03-26,-4,1.0,565.489990234375,-0.07739872906904777
57,2025-03-26,-3,1.0,563.97998046875,-0.07986232162230655
57,2025-03-26,-2,0.4444444444444444,574.0800170898438,-0.06338403414774285
57,2025-03-26,-1,0.4444444444444444,575.4600219726562,-0.06113254556127634
57,2025-03-26,0,1.0,568.5900268554688,-0.07234099546465955
57,2025-03-26,1,1.0,567.0800170898438,-0.07480458801791834
57,2025-03-26,2,1.0,555.6599731445312,-0.09343647760037721
57,2025-03-26,3,1.0,559.3900146484375,-0.08735088618132703
57,2025-03-26,4,1.0,560.969970703125,-0.08477317571917431
57,2025-03-26,5,0.8888888888888888,564.52001953125,-0.07898124373583792
57,2025-03-26,6,1.0,536.7000122070312,-0.12436979978082585
57,2025-03-26,7,1.0,505.2799987792969,-0.17563179348840818
57,2025-03-26,8,1.0,504.3800048828125,-0.1771001404566409
57,2025-03-26,9,1.0,496.4800109863281,-0.189989041295049
57,2025-03-26,10,1.0,548.6199951171875,-0.1049222559298244
58,2025-04-09,-30,0.5555555555555555,594.5399780273438,-0.03000345042368513
58,2025-04-09,-29,0.5555555555555555,585.0499877929688,-0.04548644252355927
58,2025-04-09,-28,0.5555555555555555,594.1799926757812,-0.03059076929511284
58,2025-04-09,-27,0.5555555555555555,583.77001953125,-0.0475747205928555
58,2025-04-09,-26,0.5555555555555555,576.8599853515625,-0.05884849453483754
58,2025-04-09,-25,0.5555555555555555,583.0599975585938,-0.048733126905388224
58,2025-04-09,-24,0.5555555555555555,572.7100219726562,-0.06561919172455954
58,2025-04-09,-23,0.5555555555555555,575.9199829101562,-0.060382115752005694
58,2025-04-09,-22,0.6666666666666666,560.5800170898438,-0.08540938804022402
58,2025-04-09,-21,0.6666666666666666,555.9199829101562,-0.09301226966679266
58,2025-04-09,-20,1.0,558.8699951171875,-0.08819930204849613
58,2025-04-09,-19,1.0,551.4199829101562,-0.10035405429761968
58,2025-04-09,-18,1.0,562.8099975585938,-0.08177115774411003
58,2025-04-09,-17,1.0,567.1500244140625,-0.07469037052969729
58,2025-04-09,-16,1.0,561.02001953125,-0.08469152067092567
58,2025-04-09,-15,1.0,567.1300048828125,-0.07472303254899682
58,2025-04-09,-14,1.0,565.489990234375,-0.07739872906904777
58,2025-04-09,-13,1.0,563.97998046875,-0.07986232162230655
58,2025-04-09,-12,0.4444444444444444,574.0800170898438,-0.06338403414774285
58,2025-04-09,-11,0.4444444444444444,575.4600219726562,-0.06113254556127634
58,2025-04-09,-10,1.0,568.5900268554688,-0.07234099546465955
58,2025-04-09,-9,1.0,567.0800170898438,-0.07480458801791834
58,2025-04-09,-8,1.0,555.6599731445312,-0.09343647760037721
58,2025-04-09,-7,1.0,559.3900146484375,-0.08735088618132703
58,2025-04-09,-6,1.0,560.969970703125,-0.08477317571917431
58,2025-04-09,-5,0.8888888888888888,564.52001953125,-0.07898124373583792
58,2025-04-09,-4,1.0,536.7000122070312,-0.12436979978082585
58,2025-04-09,-3,1.0,505.2799987792969,-0.17563179348840818
58,2025-04-09,-2,1.0,504.3800048828125,-0.1771001404566409
58,2025-04-09,-1,1.0,496.4800109863281,-0.189989041295049
58,2025-04-09,0,1.0,548.6199951171875,-0.1049222559298244
58,2025-04-09,1,1.0,524.5800170898438,-0.14414366508684062
58,2025-04-09,2,1.0,533.9400024414062,-0.12887277695375887
58,2025-04-09,3,1.0,539.1199951171875,-0.12042157903934825
58,2025-04-09,4,1.0,537.6099853515625,-0.12288517159260703
58,2025-04-09,5,1.0,525.6599731445312,-0.1423817084725577
58,2025-04-09,6,1.0,526.4099731445312,-0.14115807770075317
58,2025-04-09,7,1.0,513.8800048828125,-0.16160081734711707
58,2025-04-09,8,1.0,527.25,-0.13978756742142817
58,2025-04-09,9,1.0,535.4199829101562,-0.12645817742944931
58,2025-04-09,10,0.8888888888888888,546.6900024414062,-0.10807105383308213
59,2025-04-11,-30,0.5555555555555555,594.1799926757812,-0.03059076929511284
59,2025-04-11,-29,0.5555555555555555,583.77001953125,-0.0475747205928555
59,2025-04-11,-28,0.5555555555555555,576.8599853515625,-0.05884849453483754
59,2025-04-11,-27,0.5555555555555555,583.0599975585938,-0.048733126905388224
59,2025-04-11,-26,0.5555555555555555,572.7100219726562,-0.06561919172455954
59,2025-04-11,-25,0.5555555555555555,575.9199829101562,-0.060382115752005694
59,2025-04-11,-24,0.6666666666666666,560.5800170898438,-0.08540938804022402
59,2025-04-11,-23,0.6666666666666666,555.9199829101562,-0.09301226966679266
59,2025-04-11,-22,1.0,558.8699951171875,-0.08819930204849613
59,2025-04-11,-21,1.0,551.4199829101562,-0.10035405429761968
59,2025-04-11,-20,1.0,562.8099975585938,-0.08177115774411003
59,2025-04-11,-19,1.0,567.1500244140625,-0.07469037052969729
59,2025-04-11,-18,1.0,561.02001953125,-0.08469152067092567
59,2025-04-11,-17,1.0,567.1300048828125,-0.07472303254899682
59,2025-04-11,-16,1.0,565.489990234375,-0.07739872906904777
59,2025-04-11,-15,1.0,563.97998046875,-0.07986232162230655
59,2025-04-11,-14,0.4444444444444444,574.0800170898438,-0.06338403414774285
59,2025-04-11,-13,0.4444444444444444,575.4600219726562,-0.06113254556127634
59,2025-04-11,-12,1.0,568.5900268554688,-0.07234099546465955
59,2025-04-11,-11,1.0,567.0800170898438,-0.07480458801791834
59,2025-04-11,-10,1.0,555.6599731445312,-0.09343647760037721
59,2025-04-11,-9,1.0,559.3900146484375,-0.08735088618132703
59,2025-04-11,-8,1.0,560.969970703125,-0.08477317571917431
59,2025-04-11,-7,0.8888888888888888,564.52001953125,-0.07898124373583792
59,2025-04-11,-6,1.0,536.7000122070312,-0.12436979978082585
59,2025-04-11,-5,1.0,505.2799987792969,-0.17563179348840818
59,2025-04-11,-4,1.0,504.3800048828125,-0.1771001404566409
59,2025-04-11,-3,1.0,496.4800109863281,-0.189989041295049
59,2025-04-11,-2,1.0,548.6199951171875,-0.1049222559298244
59,2025-04-11,-1,1.0,524.5800170898438,-0.14414366508684062
59,2025-04-11,0,1.0,533.9400024414062,-0.12887277695375887
59,2025-04-11,1,1.0,539.1199951171875,-0.12042157903934825
59,2025-04-11,2,1.0,537.6099853515625,-0.12288517159260703
59,2025-04-11,3,1.0,525.6599731445312,-0.1423817084725577
59,2025-04-11,4,1.0,526.4099731445312,-0.14115807770075317
59,2025-04-11,5,1.0,513.8800048828125,-0.16160081734711707
59,2025-04-11,6,1.0,527.25,-0.13978756742142817
59,2025-04-11,7,1.0,535.4199829101562,-0.12645817742944931
59,2025-04-11,8,0.8888888888888888,546.6900024414062,-0.10807105383308213
59,2025-04-11,9,0.8888888888888888,550.6400146484375,-0.10162657851904633
59,2025-04-11,10,0.8888888888888888,550.8499755859375,-0.10128402563371042
60,2025-11-17,-30,0.0,671.6099853515625,0.0
60,2025-11-17,-29,0.0,669.1199951171875,-0.003707494362329311
60,2025-11-17,-28,0.0,673.1099853515625,0.0
60,2025-11-17,-27,0.0,671.1599731445312,-0.0028970186885769467
60,2025-11-17,-26,0.4444444444444444,653.02001953125,-0.02984648312685423
60,2025-11-17,-25,0.1111111111111111,663.0399780273438,-0.01496041886670163
60,2025-11-17,-24,0.4444444444444444,662.22998046875,-0.01616378470025215
60,2025-11-17,-23,0.3333333333333333,665.1699829101562,-0.011795995623596678
60,2025-11-17,-22,0.4444444444444444,660.6400146484375,-0.018525903603423766
60,2025-11-17,-21,0.4444444444444444,664.3900146484375,-0.012954748693217777
60,2025-11-17,-20,0.0,671.2999877929688,-0.0026890071429387374
60,2025-11-17,-19,0.0,671.2899780273438,-0.002703878064248544
60,2025-11-17,-18,0.0,667.7999877929688,-0.007888751725797616
60,2025-11-17,-17,0.0,671.760009765625,-0.0020055794971343133
60,2025-11-17,-16,0.0,677.25,0.0
60,2025-11-17,-15,0.0,685.239990234375,0.0
60,2025-11-17,-14,0.0,687.0599975585938,0.0
60,2025-11-17,-13,0.0,687.3900146484375,0.0
60,2025-11-17,-12,0.0,679.8300170898438,-0.010998119550020391
60,2025-11-17,-11,0.0,682.0599975585938,-0.007753992604285553
60,2025-11-17,-10,0.0,683.3400268554688,-0.00589183390311554
60,2025-11-17,-9,0.3333333333333333,675.239990234375,-0.01767559050196066
60,2025-11-17,-8,0.0,677.5800170898438,-0.014271370473152745
60,2025-11-17,-7,0.4444444444444444,670.3099975585938,-0.02484763631397713
60,2025-11-17,-6,0.4444444444444444,670.969970703125,-0.023887521778608423
60,2025-11-17,-5,0.0,681.4400024414062,-0.008655947977472933
60,2025-11-17,-4,0.0,683.0,-0.00638649755580567
60,2025-11-17,-3,0.0,683.3800048828125,-0.005833674740934214
60,2025-11-17,-2,0.4444444444444444,672.0399780273438,-0.022330898462271764
60,2025-11-17,-1,0.4444444444444444,671.9299926757812,-0.022490902752730912
60,2025-11-17,0,0.5555555555555555,665.6699829101562,-0.03159782841679748
60,2025-11-17,1,0.5555555555555555,660.0800170898438,-0.039729988764182655
60,2025-11-17,2,0.5555555555555555,662.6300048828125,-0.036020322143155314
60,2025-11-17,3,0.5555555555555555,652.530029296875,-0.05071354632550418
60,2025-11-17,4,0.5555555555555555,659.030029296875,-0.041257488103121576
60,2025-11-17,5,0.5555555555555555,668.72998046875,-0.02714621071304202
60,2025-11-17,6,0.0,675.02001953125,-0.017995599082878844
60,2025-11-17,7,0.0,679.6799926757812,-0.011216371795274793
60,2025-11-17,8,0.0,683.3900146484375,-0.005819112752235345
60,2025-11-17,9,0.0,680.27001953125,-0.01035801359556987
60,2025-11-17,10,0.0,681.530029296875,-0.008524978871797484
61,2026-01-20,-30,0.0,684.3900146484375,-0.0043643345641765086
61,2026-01-20,-29,0.0,685.6900024414062,-0.002473140678222796
61,2026-01-20,-28,0.0,683.6300048828125,-0.0054699801939195325
61,2026-01-20,-27,0.0,683.0399780273438,-0.006328338393624455
61,2026-01-20,-26,0.0,687.5700073242188,0.0
61,2026-01-20,-25,0.0,689.1699829101562,0.0
61,2026-01-20,-24,0.0,681.760009765625,-0.010752025375860397
61,2026-01-20,-23,0.0,680.72998046875,-0.012246619340219533
61,2026-01-20,-22,0.0,678.8699951171875,-0.014945496827176052
61,2026-01-20,-21,0.2222222222222222,671.4000244140625,-0.025784579910251737
61,2026-01-20,-20,0.1111111111111111,676.469970703125,-0.018427982242353202
61,2026-01-20,-19,0.0,680.5900268554688,-0.012449694948199808
61,2026-01-20,-18,0.0,684.8300170898438,-0.0062973808028987666
61,2026-01-20,-17,0.0,687.9600219726562,-0.0017556785227219596
61,2026-01-20,-16,0.0,690.3800048828125,0.0
61,2026-01-20,-15,0.0,690.3099975585938,-0.0001014040437492536
61,2026-01-20,-14,0.0,687.8499755859375,-0.003664690864423892
61,2026-01-20,-13,0.0,687.010009765625,-0.004881362573296966
61,2026-01-20,-12,0.1111111111111111,681.9199829101562,-0.012254152659146422
61,2026-01-20,-11,0.1111111111111111,683.1699829101562,-0.01044355560946486
61,2026-01-20,-10,0.0,687.719970703125,-0.003853000030235587
61,2026-01-20,-9,0.0,691.8099975585938,0.0
61,2026-01-20,-8,0.0,689.5800170898438,-0.0032234001772446508
61,2026-01-20,-7,0.0,689.510009765625,-0.0033245946156971184
61,2026-01-20,-6,0.0,694.0700073242188,0.0
61,2026-01-20,-5,0.0,695.1599731445312,0.0
61,2026-01-20,-4,0.0,693.77001953125,-0.001999473023445053
61,2026-01-20,-3,0.0,690.3599853515625,-0.0069048679130016
61,2026-01-20,-2,0.0,692.239990234375,-0.004200447412050834
61,2026-01-20,-1,0.0,691.6599731445312,-0.005034812324086868
61,2026-01-20,0,0.5555555555555555,677.5800170898438,-0.02528907982887052
61,2026-01-20,1,0.1111111111111111,685.4000244140625,-0.014039860043034369
61,2026-01-20,2,0.0,688.97998046875,-0.008890029510511432
61,2026-01-20,3,0.0,689.22998046875,-0.008530400058791021
61,2026-01-20,4,0.0,692.72998046875,-0.003495587734704042
61,2026-01-20,5,0.0,695.489990234375,0.0
61,2026-01-20,6,0.0,695.4199829101562,-0.0001006589961060067
61,2026-01-20,7,0.0,694.0399780273438,-0.002084878614202035
61,2026-01-20,8,0.0,691.969970703125,-0.0050612080413461324
61,2026-01-20,9,0.0,695.4099731445312,-0.0001150513896206462
61,2026-01-20,10,0.1111111111111111,689.530029296875,-0.008569441719055604
62,2026-03-12,-30,0.0,695.4199829101562,-0.0001006589961060067
62,2026-03-12,-29,0.0,694.0399780273438,-0.002084878614202035
62,2026-03-12,-28,0.0,691.969970703125,-0.0050612080413461324
62,2026-03-12,-27,0.0,695.4099731445312,-0.0001150513896206462
62,2026-03-12,-26,0.1111111111111111,689.530029296875,-0.008569441719055604
62,2026-03-12,-25,0.1111111111111111,686.1900024414062,-0.013371849952627968
62,2026-03-12,-24,0.5555555555555555,677.6199951171875,-0.02569410828064611
62,2026-03-12,-23,0.3333333333333333,690.6199951171875,-0.007002250478898131
62,2026-03-12,-22,0.0,693.9500122070312,-0.0022142346388404066
62,2026-03-12,-21,0.0,692.1199951171875,-0.0048454976556194795
62,2026-03-12,-20,0.0,691.9600219726562,-0.005075512676363858
62,2026-03-12,-19,0.5555555555555555,681.27001953125,-0.020445974640602604
62,2026-03-12,-18,0.5555555555555555,681.75,-0.019755841819872555
62,2026-03-12,-17,0.5555555555555555,682.8499755859375,-0.01817425818620033
62,2026-03-12,-16,0.5555555555555555,686.2899780273438,-0.013228101534474845
62,2026-03-12,-15,0.5555555555555555,684.47998046875,-0.01583057976422453
62,2026-03-12,-14,0.0,689.4299926757812,-0.008713277895705751
62,2026-03-12,-13,0.5555555555555555,682.3900146484375,-0.01883560621990099
62,2026-03-12,-12,0.2222222222222222,687.3499755859375,-0.011703999716364488
62,2026-03-12,-11,0.0,693.1500244140625,-0.003364485259556238
62,2026-03-12,-10,0.0,689.2999877929688,-0.008900203494402903
62,2026-03-12,-9,0.5555555555555555,685.989990234375,-0.013659434547431237
62,2026-03-12,-8,0.5555555555555555,686.3800048828125,-0.013098657751339449
62,2026-03-12,-7,0.5555555555555555,680.3300170898438,-0.02179754325353045
62,2026-03-12,-6,0.5555555555555555,685.1300048828125,-0.014895951770738325
62,2026-03-12,-5,0.5555555555555555,681.3099975585938,-0.02038849282504085
62,2026-03-12,-4,0.5555555555555555,672.3800048828125,-0.03322835076860642
62,2026-03-12,-3,0.5555555555555555,678.27001953125,-0.024759480287159796
62,2026-03-12,-2,0.5555555555555555,677.1799926757812,-0.026326759285814294
62,2026-03-12,-1,0.5555555555555555,676.3300170898438,-0.027548884115606742
62,2026-03-12,0,0.5555555555555555,666.0599975585938,-0.042315479861706695
62,2026-03-12,1,0.5555555555555555,662.2899780273438,-0.0477361467069326
62,2026-03-12,2,0.5555555555555555,669.030029296875,-0.03804506363719651
62,2026-03-12,3,0.5555555555555555,670.7899780273438,-0.03551454737502047
62,2026-03-12,4,0.5555555555555555,661.4299926757812,-0.04897266393023969
62,2026-03-12,5,0.6666666666666666,659.7999877929688,-0.051316342352215605
62,2026-03-12,6,0.6666666666666666,648.5700073242188,-0.06746320373977566
62,2026-03-12,7,1.0,655.3800048828125,-0.05767154943243069
62,2026-03-12,8,1.0,653.1799926757812,-0.06083480445827205
62,2026-03-12,9,1.0,656.8200073242188,-0.055601063211743296
62,2026-03-12,10,1.0,645.0900268554688,-0.07246684220706301
